Data,Name,Games,passes completed,forward passes,backward passes,sideways passes,chances created,assists created,avg pass length,shots on target,shots off target
Attacking_16,C. Eriksen,12,124.17,46.92,46.67,29.92,9.17,1.25,1.44m,3.75,3.42
Attacking_16,M. Özil,12,147.42,43.5,61.92,41.08,8.25,0.75,1.17m,1.5,1
Attacking_16,K. De Bruyne,12,118.25,35.33,51.25,31.33,8.58,1.5,1.39m,1.75,3.25
Attacking_16,G. Xhaka,10,202.5,48.3,91.9,61,3.4,0.2,1.74m,0.9,1.7
Attacking_16,P. Pogba,12,151.17,37.58,64.17,48.33,4.75,0.33,1.35m,2.67,3.67
Attacking_16,D. Silva,11,160.18,50.45,70.09,39.09,7.36,0.64,1.28m,1.55,1.73
Attacking_16,C. Azpilicueta,13,162.62,36.08,83.31,41.54,1.62,0.31,1.27m,0.46,0.77
Attacking_16,J. Henderson,13,138,31.38,57.23,48.85,2.62,0.31,1.42m,0.38,0.69
Attacking_16,P. Robinson,01,27,0,26,1,0,0,51.93m,0,0
Attacking_16,E. Hazard,13,110.54,34.54,42.15,33.31,6.77,0.38,1.19m,2.46,2.08
Attacking_16,Ander,10,178.8,50.3,69.5,58,3.6,0.6,1.53m,0.6,1.7
Attacking_16,H. Arter,14,120.57,27.5,49.43,43.07,2.07,0.14,1.29m,0.79,2.07
Attacking_16,V. Wanyama,13,129.62,37.08,47.31,44.92,2.38,0.08,1.38m,1,1.38
Attacking_16,R. Barkley,12,110.17,44.25,40,25.42,7,0.67,1.36m,2.42,2.67
Attacking_16,Fernandinho,13,142.62,28.38,70,43.23,2.46,0.08,1.24m,0.85,1.23
Attacking_16,N. Kanté,13,143.85,33.62,62.38,47.15,1.62,0.08,1.26m,0.54,0.77
Attacking_16,J. Milner,12,141.83,41.5,68.25,29.67,4.83,0.25,1.38m,1.42,0.75
Attacking_16,E. Dier,12,138.25,24.67,73.42,39,1.08,0,1.66m,0.58,0.83
Attacking_16,N. Matic,13,122.92,32.15,53.85,36.46,2,0.54,1.3m,0.54,0.46
Attacking_16,W. Hennessey,05,48.8,0,46.4,1.2,0.6,0,9.25m,0,0
Attacking_16,J. Vertonghen,13,0,22.38,0,0,0.46,0,0m,0.31,0.38
Attacking_16,A. Sánchez,13,0,31.92,0,0,0,0.77,0m,3.77,2.85
Attacking_16,G. Wijnaldum,13,0,0,0,0,0,0.62,0m,0,0
Attacking_16,Coutinho,13,0,0,0,0,0,0.54,0m,0,0
Attacking_16,J. Pickford,11,27.36,0,26.64,0.64,0.36,0,4.1m,0,0
Attacking_16,B. Foster,13,23.62,0.08,22.46,0.62,0.15,0,3.48m,0,0.08
Attacking_16,D. Lovren,10,171.2,24,95.9,50.4,0.7,0,1.86m,0.5,0.7
Attacking_16,O. Romeu,14,123,23.36,58.29,40.64,1.21,0,1.18m,0.43,0.86
Attacking_16,K. Schmeichel,08,28.63,0,27.88,0.25,0,0,5.74m,0,0
Attacking_16,R. Firmino,12,104.67,45.08,32.75,26.08,6.25,0.58,1.09m,3.58,2.17
Attacking_16,I. Gueye,12,133.67,40.58,56.58,36.08,2,0.08,1.33m,0.5,0.75
Attacking_16,Y. Touré,02,778,216,317.5,242,9.5,0,8.12m,7.5,6.5
Attacking_16,T. Heaton,12,24.17,0,24,0.08,0.25,0,3.66m,0,0
Attacking_16,M. Lanzini,11,125.55,43,47,34.82,5.09,0.18,1.28m,1.91,3.09
Attacking_16,A. Kolarov,12,127.08,30.25,57.42,38.83,1.25,0.08,1.5m,0.83,1.25
Attacking_16,J. Matip,12,126.67,23.33,64.08,38.5,0.75,0,1.59m,0.33,1.33
Attacking_16,N. Otamendi,10,167.5,23.9,89.5,53.2,0.6,0.1,1.69m,0.3,0.8
Attacking_16,S. Davis,12,120.42,36.08,52.42,31.58,2.58,0.25,1.41m,0.33,1.17
Attacking_16,G. Cahill,13,122.77,19.31,68.69,33.92,0.38,0,1.34m,0.77,0.77
Attacking_16,N. Clyne,14,109.07,36,45.93,25.86,3.07,0.14,1.01m,0.36,1
Attacking_16,C. Fàbregas,04,0,49,0,0,15,3,0m,2.25,3
Attacking_16,S. Cook,14,0,12.29,0,0,0.14,0,0m,0.64,1
Attacking_16,T. Alderweireld,08,0,22.63,0,0,0,0,0m,1.13,1.75
Attacking_16,A. Williams,12,0,15.67,0,0,0,0.17,0m,0.42,0.58
Attacking_16,G. Sigurdsson,13,0,25.54,0,0,0,0.92,0m,3.77,2.77
Attacking_16,E. Can,11,0,0,0,0,0,0.18,0m,0,0
Attacking_16,B. Gibson,13,0,0,0,0,0,0.08,0m,0,0
Attacking_16,J. Puncheon,13,0,0,0,0,0,0.38,0m,0,0
Attacking_16,M. Dembélé,07,0,0,0,0,0,0.14,0m,0,0
Attacking_16,D. Alli,12,0,0,0,0,0,0.58,0m,0,0
Attacking_16,K. Walker,13,0,0,0,0,0,0.38,0m,0,0
Attacking_16,E. Capoue,13,0,0,0,0,0,0.08,0m,0,0
Attacking_16,J. Livermore,13,0,0,0,0,0,0.08,0m,0,0
Attacking_16,A. Lallana,12,0,0,0,0,0,0.58,0m,0,0
Attacking_16,A. Clayton,11,0,0,0,0,0,0.18,0m,0,0
Attacking_16,D. Luiz,09,0,0,0,0,0,0,0m,1.11,0
Attacking_16,D. Randolph,02,123.5,0,119,3,0,0,21.03m,0,0
Attacking_16,L. Grant,08,47.88,0,43.88,2.88,0,0,4.94m,0,0
Attacking_16,B. Guzan,02,47,0,44,2,0,0,21.35m,0,0
Attacking_16,D. De Gea,13,33.08,0,31.85,0.62,0,0,2.91m,0,0
Attacking_16,L. Fabianski,13,34.77,0,30.46,3.77,0,0,2.84m,0,0
Attacking_16,H. Gomes,13,31.15,0,27.08,3.62,0.08,0,2.93m,0,0
Attacking_16,L. Koscielny,12,0,9.83,0,0,0.25,0,0m,0.33,0.17
Attacking_16,A. Forshaw,13,0,36.23,0,0,2.08,0.08,0m,0.46,1
Attacking_16,S. Francis,14,0,20.29,0,0,1.29,0.07,0m,0,0.29
Attacking_16,M. Noble,11,0,31.27,0,0,2.18,0,0m,0.64,1.18
Attacking_16,V. Valdés,11,0,0.09,0,0,0,0,0m,0,0
Attacking_16,S. Clucas,13,0,35.23,0,0,1.15,0.08,0m,0.54,1.38
Attacking_16,J. Stones,11,0,19.27,0,0,0,0,0m,0.18,0.82
Attacking_16,C. Daniels,12,0,38.58,0,0,0,0.25,0m,0.5,0.67
Attacking_16,N. Redmond,14,0,32.43,0,0,0,0.07,0m,2,2.36
Attacking_16,N. Monreal,12,0,0,0,0,0,0.17,0m,0.08,0
Attacking_16,S. Mustafi,10,0,0,0,0,0,0.2,0m,0.6,0
Attacking_16,J. Robles,01,0,0,0,0,0,1,0m,0,0
Attacking_16,A. Smith,13,0,0,0,0,0,0.38,0m,0,0
Attacking_16,L. Baines,07,0,0,0,0,0,0.43,0m,0,0
Attacking_16,G. Whelan,11,0,0,0,0,0,0.09,0m,0,0
Attacking_16,A. Surman,09,0,0,0,0,0,0.11,0m,0,0
Attacking_16,L. Fer,12,0,0,0,0,0,0.17,0m,0,0
Attacking_16,H. Bellerín,11,0,0,0,0,0,0.36,0m,0,0
Attacking_16,D. Drinkwater,12,0,0,0,0,0,0.08,0m,0,0
Attacking_16,P. Jagielka,13,0,0,0,0,0,0.08,0m,0,0
Attacking_16,G. Barry,12,0,0,0,0,0,0.08,0m,0,0
Attacking_16,R. Snodgrass,12,0,0,0,0,0,0.42,0m,0,0
Attacking_16,D. Tadic,11,0,0,0,0,0,0.45,0m,0,0
Attacking_16,D. Payet,11,0,0,0,0,0,0.55,0m,0,0
Attacking_16,J. Fonte,13,0,0,0,0,0,0,0m,0.23,0.77
Attacking_16,S. Romero,00,24,0,22,1,0,0,41.32m,0,0
Attacking_16,J. Butland,00,59,0,51,4,0,0,39.89m,0,0
Attacking_16,C. Pantilimon,01,12,0,10,2,0,0,40.01m,0,0
Attacking_16,F. Forster,14,25,0,23.79,0.86,0.07,0,2.65m,0,0
Attacking_16,Adrián,11,15,0,13.64,1.18,0.09,0,3.4m,0,0
Attacking_16,A. Mawson,03,325,34,177,109.67,1.33,0,7.55m,1.67,4.67
Attacking_16,G. Clichy,06,0,68.67,0,0,0,0,0m,0.17,0.17
Attacking_16,T. Huddlestone,10,0,28,0,0,0,0,0m,0.7,1
Attacking_16,A. Valencia,11,0,40.18,0,0,0,0.18,0m,0.36,0.09
Attacking_16,S. Given,05,0,0.2,0,0,0,0,0m,0,0
Attacking_16,H. Lloris,11,0,0,0,0,0.18,0,0m,0,0
Attacking_16,J. Mata,11,0,0,0,0,0,0.27,0m,1.91,1
Attacking_16,M. Alonso,08,0,0,0,0,0,0.38,0m,2,0
Attacking_16,J. Allen,12,0,0,0,0,0,0.17,0m,0,0
Attacking_16,C. Fuchs,13,0,0,0,0,0,0.31,0m,0,0
Attacking_16,D. Costa,13,0,0,0,0,0,0.54,0m,0,0
Attacking_16,S. Downing,12,0,0,0,0,0,0.25,0m,0,0
Attacking_16,R. Bertrand,09,0,0,0,0,0,0.44,0m,0,0
Attacking_16,D. Fletcher,13,0,0,0,0,0,0.23,0m,0,0
Attacking_16,J. Ward-Prowse,10,0,0,0,0,0,0.4,0m,0,0
Attacking_16,Z. Ibrahimovic,12,0,0,0,0,0,0.42,0m,0,0
Attacking_16,A. El. Mohamady,12,0,0,0,0,0,0.17,0m,0,0
Attacking_16,S. Mané,14,0,0,0,0,0,0.43,0m,0,0
Attacking_16,M. Keane,13,0,0,0,0,0,0.08,0m,0,0
Attacking_16,C. Soares,10,0,0,0,0,0,0.3,0m,0,0
Attacking_16,Pedro,12,0,0,0,0,0,0.75,0m,0,0
Attacking_16,W. Reid,10,0,0,0,0,0,0.1,0m,0,0
Attacking_16,F. Fernández,08,0,0,0,0,0,0.25,0m,0,0
Attacking_16,C. Brunt,06,0,0,0,0,0,0.67,0m,0,0
Attacking_16,J. Wilshere,12,0,0,0,0,0,0.17,0m,0,0
Attacking_16,J. Cork,11,0,0,0,0,0,0,0m,0.45,0.91
Attacking_16,K. Naughton,12,0,0,0,0,0,0,0m,0.42,0
Attacking_16,R. Zieler,06,12.33,0,11.33,0.83,0,0,6.44m,0,0
Attacking_16,M. Stekelenburg,12,16.83,0,15.67,0.92,0,0,3.04m,0,0
Attacking_16,A. Federici,02,12,0,12,0,0,0,18.34m,0,0
Attacking_16,M. Carrick,03,0,59.67,0,0,4,0,0m,0,1.67
Attacking_16,P. Cech,13,0,0.08,0,0,0,0,0m,0,0
Attacking_16,S. Mandanda,09,0,0,0,1.11,0,0,0m,0,0
Attacking_16,A. Boruc,12,0,0,0,0,0.08,0,0m,0,0
Attacking_16,R. Mahrez,13,0,0,0,0,0,0.23,0m,2.23,0
Attacking_16,H. Maguire,07,0,0,0,0,0,0.29,0m,0,0
Attacking_16,W. Rooney,12,0,0,0,0,0,0.42,0m,0,0
Attacking_16,B. Davies,04,0,0,0,0,0,0.75,0m,0,0
Attacking_16,Y. Cabaye,11,0,0,0,0,0,0.27,0m,0,0
Attacking_16,K. Mirallas,13,0,0,0,0,0,0.46,0m,0,0
Attacking_16,D. Blind,10,0,0,0,0,0,0.2,0m,0,0
Attacking_16,S. Prödl,12,0,0,0,0,0,0.08,0m,0,0
Attacking_16,A. Robertson,09,0,0,0,0,0,0.22,0m,0,0
Attacking_16,C. Adam,07,0,0,0,0,0,0.43,0m,0,0
Attacking_16,J. Holebas,12,0,0,0,0,0,0.33,0m,0,0
Attacking_16,C. Chambers,08,0,0,0,0,0,0.13,0m,0,0
Attacking_16,Willian,09,0,0,0,0,0,0.22,0m,0,0
Attacking_16,S. Heung-Min,10,0,0,0,0,0,0.6,0m,0,0
Attacking_16,R. Sterling,12,0,0,0,0,0,0.42,0m,0,0
Attacking_16,E. Pieters,12,0,0,0,0,0,0.08,0m,0,0
Attacking_16,M. Lowton,13,0,0,0,0,0,0.15,0m,0,0
Attacking_16,P. van Aanholt,12,0,0,0,0,0,0.08,0m,0,0
Attacking_16,A. Oxlade-Chamberlain,11,0,0,0,0,0,0.64,0m,0,0
Attacking_16,A. Ramsey,05,0,0,0,0,0,0.6,0m,0,0
Attacking_16,B. Mee,13,0,0,0,0,0,0,0m,0.46,0.62
Attacking_16,M. de Roon,10,0,0,0,0,0,0,0m,0.7,1
Attacking_16,D. Marshall,08,17.25,0,16.5,0.38,0,0,4.48m,0,0
Attacking_16,E. Jakupovic,05,50.4,0,45.8,4.2,0,0,6.87m,0,0
Attacking_16,V. Mannone,02,38,0,33,5,0,0,17.53m,0,0
Attacking_16,M. Indi,10,0,18.9,0,0,0.2,0,0m,0.6,0.6
Attacking_16,V. van Dijk,14,0,6.36,0,0,0,0,0m,0.36,0.5
Attacking_16,V. Moses,12,0,0,0,0,0,0.17,0m,0,0
Attacking_16,S. Ward,12,0,0,0,0,0,0.08,0m,0,0
Attacking_16,J. Hendrick,11,0,0,0,0,0,0.09,0m,0,0
Attacking_16,M. Arnautovic,12,0,0,0,0,0,0.42,0m,0,0
Attacking_16,H. Kane,08,0,0,0,0,0,0.75,0m,0,0
Attacking_16,R. Lukaku,12,0,0,0,0,0,0.42,0m,0,0
Attacking_16,L. Leiva,07,0,0,0,0,0,0.43,0m,0,0
Attacking_16,S. Agüero,11,0,0,0,0,0,0.27,0m,0,0
Attacking_16,M. Britos,11,0,0,0,0,0,0.18,0m,0,0
Attacking_16,A. Iwobi,09,0,0,0,0,0,0.22,0m,0,0
Attacking_16,T. Cleverley,08,0,0,0,0,0,0.25,0m,0,0
Attacking_16,A. Townsend,14,0,0,0,0,0,0.29,0m,0,0
Attacking_16,D. Rose,08,0,0,0,0,0,0.25,0m,0,0
Attacking_16,J. Ward,14,0,0,0,0,0,0.07,0m,0,0
Attacking_16,W. Zaha,13,0,0,0,0,0,0.69,0m,0,0
Attacking_16,R. Funes Mori,07,0,0,0,0,0,0.14,0m,0,0
Attacking_16,X. Shaqiri,08,0,0,0,0,0,0.25,0m,0,0
Attacking_16,D. Delaney,11,0,0,0,0,0,0.18,0m,0,0
Attacking_16,M. Albrighton,10,0,0,0,0,0,0.6,0m,0,0
Attacking_16,R. Shawcross,12,0,0,0,0,0,0.08,0m,0,0
Attacking_16,R. Klavan,04,0,0,0,0,0,0,0m,0.5,0
Attacking_16,M. Yoshida,02,0,0,0,0,0,0,0m,3.5,0
Attacking_16,T. Courtois,13,37.23,0,26.92,10.31,0,0,2.16m,0,0
Attacking_16,P. Højbjerg,12,0,20.67,0,0,1.33,0,0m,0.25,1.25
Attacking_16,F. Coquelin,10,0,22.3,0,0,1.5,0,0m,0.3,0.6
Attacking_16,D. Ndong,10,0,25.9,0,0,1.6,0,0m,0.5,0.8
Attacking_16,M. Rojo,05,0,16,0,0,1,0,0m,0.8,1.4
Attacking_16,K. Sung-yueng,11,0,0,0,0,0,0.09,0m,0,0
Attacking_16,G. McAuley,13,0,0,0,0,0,0.08,0m,0,0
Attacking_16,T. Carroll,01,0,0,0,0,0,2,0m,0,0
Attacking_16,D. Marney,12,0,0,0,0,0,0.17,0m,0,0
Attacking_16,S. Coleman,10,0,0,0,0,0,0.3,0m,0,0
Attacking_16,M. Antonio,13,0,0,0,0,0,0.23,0m,0,0
Attacking_16,P. Obiang,08,0,0,0,0,0,0.13,0m,0,0
Attacking_16,J. McArthur,12,0,0,0,0,0,0.17,0m,0,0
Attacking_16,B. Sagna,06,0,0,0,0,0,0.17,0m,0,0
Attacking_16,S. Defour,09,0,0,0,0,0,0.33,0m,0,0
Attacking_16,N. Chadli,08,0,0,0,0,0,0.5,0m,0,0
Attacking_16,H. Mkhitaryan,05,0,0,0,0,0,0.2,0m,0,0
Attacking_16,J. Morrison,09,0,0,0,0,0,0.22,0m,0,0
Attacking_16,Á. Negredo,13,0,0,0,0,0,0.31,0m,0,0
Attacking_16,C. Davies,13,0,0,0,0,0,0.08,0m,0,0
Attacking_16,J. King,13,0,0,0,0,0,0.15,0m,0,0
Attacking_16,S. Larsson,00,0,0,0,0,0,1,0m,0,0
Attacking_16,R. Fraser,06,0,0,0,0,0,0.83,0m,0,0
Attacking_16,D. Amartey,10,0,0,0,0,0,0.1,0m,0,0
Attacking_16,J. Lingard,07,0,0,0,0,0,0.29,0m,0,0
Attacking_16,M. Fellaini,10,0,0,0,0,0,0,0m,0.7,1.1
Attacking_16,J. Evans,12,0,0,0,0,0,0,0m,0.42,0.08
Attacking_16,A. Barragán,13,0,20.08,0,0,0,0,0m,0,0.15
Attacking_16,M. Schneiderlin,03,0,55.67,0,0,0,0,0m,1,1.33
Attacking_16,P. Jones,03,0,49.67,0,0,0,0,0m,0.33,0.33
Attacking_16,C. Kouyaté,13,0,20.92,0,0,0,0,0m,0.23,1
Attacking_16,C. Yacob,12,0,17,0,0,0,0,0m,0,0.58
Attacking_16,J. Amat,10,0,8.3,0,0,0,0,0m,0.3,0.3
Attacking_16,S. Dann,10,0,0,0,0,0,0.1,0m,0,0
Attacking_16,L. Sané,06,0,0,0,0,0,0.5,0m,0,0
Attacking_16,G. Ramírez,12,0,0,0,0,0,0.25,0m,0,0
Attacking_16,A. Cresswell,05,0,0,0,0,0,0.4,0m,0,0
Attacking_16,T. Davies,03,0,0,0,0,0,1,0m,0,0
Attacking_16,G. Cameron,07,0,0,0,0,0,0.14,0m,0,0
Attacking_16,D. Simpson,12,0,0,0,0,0,0.17,0m,0,0
Attacking_16,N. Amrabat,12,0,0,0,0,0,0.25,0m,0,0
Attacking_16,J. Stanislas,09,0,0,0,0,0,0.56,0m,0,0
Attacking_16,J. O'Shea,08,0,0,0,0,0,0.13,0m,0,0
Attacking_16,M. Phillips,12,0,0,0,0,0,0.67,0m,0,0
Attacking_16,C. Benteke,12,0,0,0,0,0,0.17,0m,0,0
Attacking_16,G. Friend,10,0,0,0,0,0,0.2,0m,0,0
Attacking_16,F. Llorente,10,0,0,0,0,0,0.1,0m,0,0
Attacking_16,J. Clasie,08,0,0,0,0,0,0.13,0m,0,0
Attacking_16,A. Ranocchia,00,0,0,0,0,0,1,0m,0,0
Attacking_16,T. Deeney,12,0,0,0,0,0,0.33,0m,0,0
Attacking_16,M. Elneny,08,0,0,0,0,0,0.13,0m,0,0
Attacking_16,S. Rondón,13,0,0,0,0,0,0.15,0m,0,0
Attacking_16,A. Martial,08,0,0,0,0,0,0.63,0m,0,0
Attacking_16,J. Tomkins,10,0,0,0,0,0,0,0m,0.4,0
Attacking_16,E. Bailly,09,0,0,0,0,0,0,0m,0.11,0
Attacking_16,S. Mignolet,05,88,0,73,13.2,0,0,5.32m,0,0
Attacking_16,C. Bravo,10,45.5,0,30.2,15.2,0,0,2.5m,0,0
Attacking_16,A. Doucouré,01,0,228,0,0,0,0,0m,7,7
Attacking_16,D. Gosling,13,0,12.08,0,0,0,0,0m,0.31,0.69
Attacking_16,C. Smalling,07,0,0,0,0,0,0.14,0m,0,0
Attacking_16,A. Nyom,09,0,0,0,0,0,0.22,0m,0,0
Attacking_16,J. Rodwell,08,0,0,0,0,0,0.13,0m,0,0
Attacking_16,D. Janmaat,07,0,0,0,0,0,0.14,0m,0,0
Attacking_16,W. Routledge,11,0,0,0,0,0,0.09,0m,0,0
Attacking_16,J. Defoe,13,0,0,0,0,0,0.15,0m,0,0
Attacking_16,S. Feghouli,06,0,0,0,0,0,0.5,0m,0,0
Attacking_16,M. Sissoko,06,0,0,0,0,0,0.33,0m,0,0
Attacking_16,R. Huth,12,0,0,0,0,0,0.08,0m,0,0
Attacking_16,S. Cazorla,08,0,0,0,0,0,0.25,0m,0,0
Attacking_16,M. Kelly,13,0,0,0,0,0,0.15,0m,0,0
Attacking_16,K. Trippier,02,0,0,0,0,0,2.5,0m,0,0
Attacking_16,H. Winks,06,0,0,0,0,0,0.17,0m,0,0
Attacking_16,A. Januzaj,08,0,0,0,0,0,0.38,0m,0,0
Attacking_16,I. Gündogan,07,0,0,0,0,0,0.14,0m,0,0
Attacking_16,P. Zabaleta,07,0,0,0,0,0,0.14,0m,0,0
Attacking_16,R. Brady,01,0,0,0,0,0,2,0m,0,0
Attacking_16,R. Pereyra,11,0,0,0,0,0,0.18,0m,0,0
Attacking_16,W. Ndidi,00,0,0,0,0,0,1,0m,0,0
Attacking_16,A. Masuaku,05,0,0,0,0,0,0.2,0m,0,0
Attacking_16,A. Ogbonna,10,0,0,0,0,0,0,0m,0.1,0
Attacking_16,Gabriel,01,0,0,0,0,0,0,0m,2,6
Attacking_16,C. Dawson,13,0,0,0,0,0,0,0m,0.62,0
Attacking_16,P. Djilobodji,09,0,0,0,0,0,0,0m,0.22,0
Attacking_16,D. Ospina,00,30,0,26,3,0,0,29.95m,0,0
Attacking_16,R. Allsop,00,10,0,10,0,0,0,29.91m,0,0
Attacking_16,L. Karius,09,19.67,0,17.11,2.56,0,0,3.01m,0,0
Attacking_16,J. Collins,08,0,6.25,0,0,0.38,0,0m,0.5,0.75
Attacking_16,J. Stephens,00,0,61,0,0,0,0,0m,0,3
Attacking_16,M. Dawson,05,0,8.6,0,0,0,0,0m,1.2,0.6
Attacking_16,L. Britton,06,0,28.17,0,0,0,0,0m,0,0
Attacking_16,L. Cook,01,0,0,0,0,0,2,0m,0,0
Attacking_16,N. Aké,05,0,0,0,0,0,0.2,0m,0,0
Attacking_16,A. Guédioura,06,0,0,0,0,0,0.17,0m,0,0
Attacking_16,E. Lamela,09,0,0,0,0,0,0.11,0m,0,0
Attacking_16,C. Cathcart,05,0,0,0,0,0,0.2,0m,0,0
Attacking_16,A. Gray,07,0,0,0,0,0,0.43,0m,0,0
Attacking_16,J. Vardy,13,0,0,0,0,0,0.38,0m,0,0
Attacking_16,T. Walcott,12,0,0,0,0,0,0.17,0m,0,0
Attacking_16,J. Gudmundsson,12,0,0,0,0,0,0.17,0m,0,0
Attacking_16,C. Gardner,08,0,0,0,0,0,0.13,0m,0,0
Attacking_16,M. Pugh,01,0,0,0,0,0,2,0m,0,0
Attacking_16,M. Rashford,10,0,0,0,0,0,0.1,0m,0,0
Attacking_16,G. Boyd,12,0,0,0,0,0,0.08,0m,0,0
Attacking_16,Y. Bolasie,13,0,0,0,0,0,0.31,0m,0,0
Attacking_16,D. Origi,11,0,0,0,0,0,0.27,0m,0,0
Attacking_16,D. Gray,08,0,0,0,0,0,0.38,0m,0,0
Attacking_16,Nolito,11,0,0,0,0,0,0.18,0m,0,0
Attacking_16,J. McClean,11,0,0,0,0,0,0.18,0m,0,0
Attacking_16,D. Sturridge,08,0,0,0,0,0,0.13,0m,0,0
Attacking_16,L. Koné,11,0,0,0,0,0,0,0m,0.36,0.73
Attacking_16,Bernardo,00,0,0,0,0,0,0,0m,1,1
Attacking_16,Y. Kaboul,10,0,0,0,0,0,0,0m,0.4,0.5
Attacking_16,S. Arfield,12,0,0,0,0,0,0,0m,0.58,1.58
Attacking_16,G. Johnson,05,0,0,0,0,0,0,0m,0.6,0
Attacking_16,V. Kompany,03,0,0,0,0,0,0,0m,1,0
Attacking_16,W. Caballero,03,91,0,65.33,25.33,0,0,8.23m,0,0
Attacking_16,M. Vorm,03,30,0,24,5.67,0,0,8.97m,0,0
Attacking_16,B. Jones,06,0,26.83,0,0,4.33,0,0m,0.67,1.33
Attacking_16,A. Rangel,09,0,12.44,0,0,0,0,0m,0.33,0.22
Attacking_16,J. Barton,01,0,130,0,0,0,0,0m,3,4
Attacking_16,D. Ayala,06,0,10.33,0,0,0,0,0m,0.67,0.83
Attacking_16,J. Navas,08,0,31.13,0,0,0,0,0m,0.25,0.5
Attacking_16,M. Niang,00,0,0,0,0,0,2,0m,0,0
Attacking_16,A. Young,04,0,0,0,0,0,0.25,0m,0,0
Attacking_16,L. Shaw,07,0,0,0,0,0,0.14,0m,0,0
Attacking_16,A. Ayew,05,0,0,0,0,0,0.6,0m,0,0
Attacking_16,K. Grosicki,00,0,0,0,0,0,3,0m,0,0
Attacking_16,S. Byram,05,0,0,0,0,0,0.2,0m,0,0
Attacking_16,I. Slimani,07,0,0,0,0,0,0.57,0m,0,0
Attacking_16,M. Barrow,13,0,0,0,0,0,0.15,0m,0,0
Attacking_16,A. Carroll,01,0,0,0,0,0,1,0m,0,0
Attacking_16,D. Love,05,0,0,0,0,0,0.2,0m,0,0
Attacking_16,B. Afobe,10,0,0,0,0,0,0.2,0m,0,0
Attacking_16,K. Gibbs,04,0,0,0,0,0,0.25,0m,0,0
Attacking_16,M. Diouf,08,0,0,0,0,0,0.25,0m,0,0
Attacking_16,S. Vokes,13,0,0,0,0,0,0.23,0m,0,0
Attacking_16,A. Barnes,05,0,0,0,0,0,0.4,0m,0,0
Attacking_16,V. Janssen,13,0,0,0,0,0,0.15,0m,0,0
Attacking_16,J. McCarthy,04,0,0,0,0,0,0.25,0m,0,0
Attacking_16,A. Moreno,04,0,0,0,0,0,0.25,0m,0,0
Attacking_16,E. Valencia,08,0,0,0,0,0,0.13,0m,0,0
Attacking_16,L. Chung-Yong,10,0,0,0,0,0,0.1,0m,0,0
Attacking_16,M. Holgate,03,0,0,0,0,0,0,0m,1,0.67
Attacking_16,M. van der Hoorn,05,0,0,0,0,0,0,0m,0.4,0
Attacking_16,J. Denayer,06,0,0,0,0,0,0,0m,0.33,0
Attacking_16,A. N'Diaye,00,0,158,0,0,4,0,0m,3,4
Attacking_16,F. Borini,02,0,100.5,0,0,7.5,0,0m,7,4.5
Attacking_16,C. Austin,13,0,0,0,0,0,0.08,0m,0,0
Attacking_16,V. Fischer,08,0,0,0,0,0,0.38,0m,0,0
Attacking_16,I. Success,06,0,0,0,0,0,0.17,0m,0,0
Attacking_16,J. Ayew,00,0,0,0,0,0,3,0m,0,0
Attacking_16,S. Long,09,0,0,0,0,0,0.11,0m,0,0
Attacking_16,P. Crouch,07,0,0,0,0,0,0.29,0m,0,0
Attacking_16,N. Chalobah,04,0,0,0,0,0,0.25,0m,0,0
Attacking_16,E. Fryers,05,0,0,0,0,0,0.2,0m,0,0
Attacking_16,O. Giroud,07,0,0,0,0,0,0.43,0m,0,0
Attacking_16,O. Ighalo,10,0,0,0,0,0,0.1,0m,0,0
Attacking_16,O. Niasse,00,0,0,0,0,0,1,0m,0,0
Attacking_16,L. Grabban,03,0,0,0,0,0,0.33,0m,0,0
Attacking_16,S. Okazaki,10,0,0,0,0,0,0.1,0m,0,0
Attacking_16,G. Jesus,00,0,0,0,0,0,4,0m,0,0
Attacking_16,D. Watmore,13,0,0,0,0,0,0.15,0m,0,0
Attacking_16,L. Narsingh,00,0,0,0,0,0,3,0m,0,0
Attacking_16,R. Sobhi,04,0,0,0,0,0,0.25,0m,0,0
Attacking_16,A. Hernández,10,0,0,0,0,0,0.2,0m,0,0
Attacking_16,A. Lennon,05,0,0,0,0,0,0.2,0m,0,0
Attacking_16,J. Montero,06,0,0,0,0,0,0.17,0m,0,0
Attacking_16,W. Khazri,07,0,0,0,0,0,0,0m,1.43,1.14
Attacking_16,L. Cattermole,02,0,0,0,0,0,0,0m,0.5,1.5
Attacking_16,T. Mings,00,0,0,0,0,0,0,0m,1,0
Attacking_16,R. Holding,03,0,0,0,0,0,0,0m,0.67,0.33
Attacking_16,Fabio,02,0,0,0,0,0,0,0m,1,1
Attacking_16,M. Olsson,00,0,0,0,0,0,0,0m,4,0
Attacking_16,A. King,09,0,0,0,0,0,0,0m,0.78,0
Attacking_16,E. Fernandes,06,0,0,0,0,0,0,0m,0.67,0
Attacking_16,K. Nordfeldt,00,17,0,11,6,0,0,26.3m,0,0
Attacking_16,A. Begovic,00,33,0,24,6,0,0,25.48m,0,0
Attacking_16,V. Behrami,13,0,11.77,0,0,0.38,0,0m,0,0.46
Attacking_16,L. Milivojevic,00,0,107,0,0,0,0,0m,4,6
Attacking_16,H. Nordtveit,06,0,14.33,0,0,0,0,0m,0.17,0.33
Attacking_16,J. Walters,11,0,0,0,0,0,0.18,0m,0,0
Attacking_16,J. Rodriguez,06,0,0,0,0,0,0.33,0m,0,0
Attacking_16,K. Iheanacho,08,0,0,0,0,0,0.38,0m,0,0
Attacking_16,S. Maloney,05,0,0,0,0,0,0.4,0m,0,0
Attacking_16,G. Töre,05,0,0,0,0,0,0.2,0m,0,0
Attacking_16,M. Batshuayi,08,0,0,0,0,0,0.13,0m,0,0
Attacking_16,D. Welbeck,00,0,0,0,0,0,2,0m,0,0
Attacking_16,N. Dyer,02,0,0,0,0,0,0.5,0m,0,0
Attacking_16,H. Robson-Kanu,08,0,0,0,0,0,0.13,0m,0,0
Attacking_16,F. Lesniak,00,0,0,0,0,0,1,0m,0,0
Attacking_16,J. Sims,02,0,0,0,0,0,0.5,0m,0,0
Attacking_16,J. Leko,05,0,0,0,0,0,0.2,0m,0,0
Attacking_16,B. Ivanovic,09,0,0,0,0,0,0,0m,0.22,0.44
Attacking_16,D. Meyler,12,0,0,0,0,0,0,0m,0.25,0.25
Attacking_16,J. Ledley,10,0,0,0,0,0,0,0m,0.1,0.1
Attacking_16,P. Bardsley,09,0,0,0,0,0,0,0m,0.22,0.89
Attacking_16,J. Terry,05,0,0,0,0,0,0,0m,0.4,0
Attacking_16,R. Mason,10,0,0,0,0,0,0,0m,0.4,0
Attacking_16,G. Leadbitter,02,0,0,0,0,0,0,0m,1.5,0
Attacking_16,W. Morgan,13,0,0,0,0,0,0,0m,0.23,0
Attacking_17,K. De Bruyne,37,58.27,18.68,22.86,16.46,2.84,0.43,0.43m,1.05,0.84
Attacking_17,G. Xhaka,38,69.55,17.5,30.79,20.92,1.03,0.18,0.45m,0.45,0.82
Attacking_17,N. Otamendi,34,81.97,7.85,42.26,31.5,0.32,0,0.51m,0.29,0.47
Attacking_17,Fernandinho,34,77.15,16.41,34.18,26.24,0.59,0.09,0.44m,0.56,0.5
Attacking_17,C. Eriksen,37,48.24,17.51,18.38,12.24,2.57,0.27,0.47m,1.05,0.57
Attacking_17,D. Silva,29,73.1,25.59,27.62,19.72,2.03,0.38,0.47m,0.69,0.76
Attacking_17,C. Azpilicueta,37,63.41,15.62,30.46,16.84,0.81,0.16,0.44m,0.08,0.19
Attacking_17,N. Matic,36,61.03,11.67,27.28,21.81,0.64,0.03,0.47m,0.06,0.28
Attacking_17,K. Walker,32,63.78,23.41,24.25,15.75,0.91,0.19,0.49m,0.03,0.28
Attacking_17,J. Vertonghen,36,58,8.83,30.61,18.14,0.33,0,0.55m,0.08,0.22
Attacking_17,C. Fàbregas,32,52.66,11.97,27.41,12.91,2.78,0.13,0.53m,0.31,0.41
Attacking_17,E. Dier,34,55.53,10.41,27.09,17.68,0.44,0.06,0.55m,0.21,0.47
Attacking_17,A. Doucouré,37,49.95,12.59,20.54,16.62,1.08,0.08,0.42m,0.46,0.54
Attacking_17,N. Kanté,34,55.91,13.71,23.53,18.44,1.09,0.03,0.44m,0.15,0.18
Attacking_17,M. Özil,26,58.92,16.92,25.85,15.69,3.19,0.27,0.55m,0.5,0.46
Attacking_17,J. Henderson,27,63.59,15.11,26.59,21.63,0.93,0.04,0.67m,0.11,0.3
Attacking_17,N. Pope,35,7.94,0,7.49,0.2,0.11,0,1.31m,0,0
Attacking_17,P. Pogba,27,53.56,11.56,23.59,18.04,1.33,0.33,0.57m,0.67,1.07
Attacking_17,D. Sánchez,31,52.39,6.55,29.94,15.58,0.13,0,0.64m,0.03,0.16
Attacking_17,B. Myhill,01,6,0,6,0,0,0,46.18m,0,0
Attacking_17,V. van Dijk,26,0,5.92,0,0,0,0,0m,0.23,0.62
Attacking_17,H. Bellerín,35,0,19.29,0,0,0,0.09,0m,0.23,0.31
Attacking_17,B. Foster,37,0,0,0,0.3,0.05,0,0m,0,0
Attacking_17,J. Lössl,38,0,0,0,0,0,0.03,0m,0,0
Attacking_17,J. Hart,19,0,0,0,0,0,0.05,0m,0,0
Attacking_17,D. Stephens,36,0,0,0,0,0,0.06,0m,0,0
Attacking_17,E. Hazard,34,0,0,0,0,0,0.12,0m,0,0
Attacking_17,J. Butland,35,11.51,0,10.86,0.4,0.03,0,1.22m,0,0
Attacking_17,D. Lovren,28,55.71,7.46,29.18,18.68,0.18,0,0.67m,0.14,0.21
Attacking_17,A. Mooy,36,40.67,10.64,18.58,11,1.36,0.08,0.43m,0.19,0.19
Attacking_17,L. Koscielny,25,60.36,6.72,35.52,17.68,0.28,0,0.75m,0.08,0.2
Attacking_17,Adrián,19,9.05,0,8.79,0.21,0,0,2.24m,0,0
Attacking_17,A. Mawson,38,36.16,6.42,18.42,11.03,0.11,0.03,0.55m,0.13,0.29
Attacking_17,J. Matip,24,59.96,6.75,32.58,20.46,0.21,0,0.81m,0.08,0.29
Attacking_17,A. Rüdiger,27,55.78,11.26,27.89,16.37,0.07,0.04,0.65m,0.15,0.22
Attacking_17,M. Ryan,38,10.58,0,9.71,0.79,0,0,1.05m,0,0
Attacking_17,O. Romeu,34,44.21,9.82,20.12,14,0.65,0,0.48m,0.09,0.47
Attacking_17,J. Pickford,38,10.53,0,10.21,0.21,0.08,0,1.05m,0,0.03
Attacking_17,S. Mustafi,27,54.04,6.19,31.48,15.78,0.26,0.04,0.69m,0.19,0.15
Attacking_17,H. Maguire,38,34.95,4.66,20.79,9.34,0.42,0.08,0.53m,0.21,0.39
Attacking_17,E. Can,26,0,15.85,0,0,0.92,0.15,0m,0.31,0.54
Attacking_17,R. Mahrez,36,0,8.86,0,0,1.58,0.28,0m,1,0.5
Attacking_17,N. Monreal,28,0,11.18,0,0,0,0.07,0m,0.29,0.32
Attacking_17,A. Sánchez,31,0,10.13,0,0,0,0.19,0m,1.03,0.74
Attacking_17,F. Delph,22,0,23.41,0,0,0,0.09,0m,0.14,0.14
Attacking_17,X. Shaqiri,36,0,8.81,0,0,0,0.19,0m,0.86,0.56
Attacking_17,L. Milivojevic,36,0,9.53,0,0,0,0.03,0m,0.47,0.39
Attacking_17,T. Carroll,37,0,9.57,0,0,0,0.11,0m,0.08,0.22
Attacking_17,J. Milner,31,0,11.58,0,0,0,0.1,0m,0.16,0
Attacking_17,W. Hennessey,27,0,0,0,0.15,0.04,0,0m,0,0
Attacking_17,P. Groß,38,0,0,0,0,0,0.21,0m,0,0
Attacking_17,N. Aké,38,0,0,0,0,0,0.08,0m,0,0
Attacking_17,V. Kompany,17,0,0,0,0,0,0.06,0m,0,0
Attacking_17,K. Trippier,23,0,0,0,0,0,0.22,0m,0,0
Attacking_17,D. Alli,36,0,0,0,0,0,0.28,0m,0,0
Attacking_17,A. Robertson,22,0,0,0,0,0,0.23,0m,0,0
Attacking_17,O. Karnezis,15,6.87,0,6.8,0.07,0,0,2.81m,0,0
Attacking_17,K. Schmeichel,33,11.94,0,11.33,0.48,0.03,0,1.18m,0,0
Attacking_17,L. Fabianski,38,12.95,0,11.53,1.26,0.03,0,0.96m,0,0
Attacking_17,J. Speroni,11,8.64,0,8.27,0.27,0,0,3.63m,0,0
Attacking_17,L. Dunk,38,30.34,6.21,14.89,9.03,0.26,0,0.55m,0.21,0.21
Attacking_17,A. Christensen,27,0,4.44,0,0,0.15,0,0m,0.04,0.33
Attacking_17,M. Dembélé,28,0,10.36,0,0,0.57,0,0m,0.11,0.14
Attacking_17,J. Shelvey,30,0,8.43,0,0,1.27,0.07,0m,0.3,0.6
Attacking_17,L. Sané,32,0,15.91,0,0,1.78,0.47,0m,0.59,0.59
Attacking_17,B. Davies,29,0,11.45,0,0,0,0.21,0m,0.21,0.28
Attacking_17,I. Gueye,32,0,12.81,0,0,0,0.03,0m,0.22,0.31
Attacking_17,D. Pröpper,35,0,8.71,0,0,0,0.11,0m,0.14,0.6
Attacking_17,R. Sterling,33,0,15.73,0,0,0,0.33,0m,1.03,1
Attacking_17,J. Cork,38,0,10.58,0,0,0,0.03,0m,0.13,0.13
Attacking_17,J. Mata,26,0,14.54,0,0,0,0.19,0m,0.38,0.46
Attacking_17,G. Wijnaldum,32,0,13.28,0,0,0,0.06,0m,0.28,0.44
Attacking_17,M. Salah,36,0,8.97,0,0,0,0.28,0m,1.83,1.22
Attacking_17,M. Lanzini,27,0,13.26,0,0,0,0.22,0m,0.63,0
Attacking_17,R. Elliot,16,0,0,0,0.38,0,0,0m,0,0
Attacking_17,A. Valencia,31,0,0,0,0,0,0.03,0m,0,0
Attacking_17,C. Daniels,35,0,0,0,0,0,0.09,0m,0,0
Attacking_17,I. Gündogan,29,0,0,0,0,0,0.03,0m,0,0
Attacking_17,A. Ramsey,24,0,0,0,0,0,0.33,0m,0,0
Attacking_17,M. Alonso,33,0,0,0,0,0,0.06,0m,0,0
Attacking_17,S. Duffy,37,0,0,0,0,0,0.03,0m,0,0
Attacking_17,Y. Cabaye,31,0,0,0,0,0,0.03,0m,0,0
Attacking_17,W. Ndidi,33,0,0,0,0,0,0.09,0m,0,0
Attacking_17,A. Cresswell,36,0,0,0,0,0,0.17,0m,0,0
Attacking_17,H. Gomes,24,11.29,0,10.25,0.79,0,0,1.54m,0,0
Attacking_17,E. Jakupovic,02,9,0,8.5,0.5,0,0,19.77m,0,0
Attacking_17,T. Heaton,04,8.25,0,7.25,0.75,0,0,9.74m,0,0
Attacking_17,U. Hünemeier,01,0,1,0,0,0,0,0m,0,0
Attacking_17,W. Rooney,31,0,10.84,0,0,1.06,0.06,0m,0.55,0.65
Attacking_17,A. McCarthy,18,0,0,0,0,0,0,0m,0,0
Attacking_17,S. Francis,32,0,7.56,0,0,0,0,0m,0.03,0.19
Attacking_17,J. Allen,36,0,8.97,0,0,0,0.17,0m,0.11,0.31
Attacking_17,M. Noble,29,0,10.31,0,0,0,0,0m,0.21,0.17
Attacking_17,Zanka,38,0,5.76,0,0,0,0.05,0m,0.05,0.18
Attacking_17,J. Stones,18,0,6.39,0,0,0,0,0m,0.22,0.33
Attacking_17,C. Schindler,37,0,5.84,0,0,0,0.03,0m,0,0.22
Attacking_17,J. Gomez,23,0,16.04,0,0,0,0.09,0m,0,0.13
Attacking_17,A. Iwobi,26,0,14.65,0,0,0,0.19,0m,0.85,0.42
Attacking_17,D. De Gea,37,0,0,0,0,0.03,0,0m,0,0
Attacking_17,L. Cook,28,0,0,0,0,0,0.07,0m,0.07,0.29
Attacking_17,Willian,36,0,0,0,0,0,0.19,0m,0.67,0
Attacking_17,A. Surman,24,0,0,0,0,0,0.21,0m,0,0
Attacking_17,R. Bertrand,35,0,0,0,0,0,0.11,0m,0,0
Attacking_17,A. Townsend,36,0,0,0,0,0,0.17,0m,0,0
Attacking_17,J. Gudmundsson,35,0,0,0,0,0,0.2,0m,0,0
Attacking_17,F. Fernández,30,0,0,0,0,0,0.03,0m,0,0
Attacking_17,S. Mané,29,0,0,0,0,0,0.24,0m,0,0
Attacking_17,C. Brunt,24,0,0,0,0,0,0.29,0m,0,0
Attacking_17,A. Oxlade-Chamberlain,35,0,0,0,0,0,0.2,0m,0,0
Attacking_17,R. Firmino,37,0,0,0,0,0,0.16,0m,0,0
Attacking_17,K. Naughton,34,0,0,0,0,0,0.06,0m,0,0
Attacking_17,A. Young,29,0,0,0,0,0,0.14,0m,0,0
Attacking_17,M. Ritchie,35,0,0,0,0,0,0.14,0m,0,0
Attacking_17,J. Hogg,30,0,0,0,0,0,0,0m,0.07,0
Attacking_17,R. Klavan,19,0,0,0,0,0,0,0m,0.05,0
Attacking_17,H. Lloris,36,19.86,0,15.89,3.75,0,0,0.76m,0,0
Attacking_17,K. Darlow,10,11.3,0,10.8,0.3,0,0,3.64m,0,0
Attacking_17,G. Cahill,27,0,5.41,0,0,0.11,0,0m,0.11,0.19
Attacking_17,W. Hoedt,28,0,3.96,0,0,0.29,0,0m,0.07,0.36
Attacking_17,S. Cook,34,0,3.65,0,0,0.12,0,0m,0.18,0.35
Attacking_17,C. Smalling,29,0,4.1,0,0,0,0,0m,0.21,0.14
Attacking_17,A. Begovic,38,0,0,0,0,0.03,0,0m,0,0
Attacking_17,D. Tadic,36,0,0,0,0,0,0.08,0m,0.36,0.39
Attacking_17,H. Kane,36,0,0,0,0,0,0.06,0m,2.08,0
Attacking_17,S. Heung-Min,37,0,0,0,0,0,0.14,0m,0,0
Attacking_17,T. Cleverley,23,0,0,0,0,0,0.09,0m,0,0
Attacking_17,M. Albrighton,33,0,0,0,0,0,0.21,0m,0,0
Attacking_17,S. Kolasinac,27,0,0,0,0,0,0.15,0m,0,0
Attacking_17,D. Fletcher,27,0,0,0,0,0,0.04,0m,0,0
Attacking_17,S. Defour,24,0,0,0,0,0,0.04,0m,0,0
Attacking_17,H. Mkhitaryan,26,0,0,0,0,0,0.35,0m,0,0
Attacking_17,Danilo,22,0,0,0,0,0,0.05,0m,0,0
Attacking_17,F. Lejeune,24,0,0,0,0,0,0.08,0m,0,0
Attacking_17,J. Livermore,33,0,0,0,0,0,0.06,0m,0,0
Attacking_17,T. Alexander-Arnold,19,0,0,0,0,0,0.05,0m,0,0
Attacking_17,B. Silva,32,0,0,0,0,0,0.13,0m,0,0
Attacking_17,K. Sung-yueng,25,0,0,0,0,0,0.08,0m,0,0
Attacking_17,T. Bakayoko,29,0,0,0,0,0,0.03,0m,0,0
Attacking_17,C. Soares,32,0,0,0,0,0,0.09,0m,0,0
Attacking_17,A. Knockaert,33,0,0,0,0,0,0.03,0m,0,0
Attacking_17,Coutinho,13,0,0,0,0,0,0.46,0m,0,0
Attacking_17,M. Lemina,25,0,0,0,0,0,0.04,0m,0,0
Attacking_17,T. Alderweireld,14,0,0,0,0,0,0,0m,0.07,0.57
Attacking_17,M. Keane,30,0,0,0,0,0,0,0m,0.03,0
Attacking_17,L. Grant,03,11.33,0,10.33,1,0,0,12.18m,0,0
Attacking_17,T. Courtois,35,18.63,0,12.69,5.6,0,0,0.78m,0,0
Attacking_17,F. Forster,20,8.05,0,7.2,0.65,0,0,1.72m,0,0
Attacking_17,P. Jones,23,0,6.09,0,0,0.09,0,0m,0,0.09
Attacking_17,A. Hegazi,38,0,3.05,0,0,0.16,0,0m,0.11,0.26
Attacking_17,J. Tarkowski,31,0,4.26,0,0,0,0,0m,0.13,0.32
Attacking_17,B. Mee,29,0,4.1,0,0,0,0,0m,0.24,0.41
Attacking_17,M. Yoshida,24,0,4.46,0,0,0,0,0m,0.17,0.46
Attacking_17,Ederson,36,0,0,0,0,0.03,0,0m,0,0
Attacking_17,N. Redmond,31,0,0,0,0,0,0.1,0m,0,0
Attacking_17,J. Evans,28,0,0,0,0,0,0.04,0m,0,0
Attacking_17,R. Fraser,26,0,0,0,0,0,0.12,0m,0,0
Attacking_17,J. McArthur,32,0,0,0,0,0,0.03,0m,0,0
Attacking_17,J. Lingard,32,0,0,0,0,0,0.13,0m,0,0
Attacking_17,D. Gosling,28,0,0,0,0,0,0.04,0m,0,0
Attacking_17,J. Holebas,28,0,0,0,0,0,0.14,0m,0,0
Attacking_17,P. Zabaleta,37,0,0,0,0,0,0.03,0m,0,0
Attacking_17,J. Ibe,32,0,0,0,0,0,0.19,0m,0,0
Attacking_17,Ander,26,0,0,0,0,0,0.04,0m,0,0
Attacking_17,A. Smith,27,0,0,0,0,0,0.11,0m,0,0
Attacking_17,G. Barry,25,0,0,0,0,0,0.04,0m,0,0
Attacking_17,J. Ward-Prowse,30,0,0,0,0,0,0.1,0m,0,0
Attacking_17,M. Sissoko,30,0,0,0,0,0,0.03,0m,0,0
Attacking_17,M. Olsson,36,0,0,0,0,0,0.03,0m,0,0
Attacking_17,V. Moses,28,0,0,0,0,0,0.11,0m,0,0
Attacking_17,M. Elneny,13,0,0,0,0,0,0.08,0m,0,0
Attacking_17,S. Clucas,28,0,0,0,0,0,0.04,0m,0,0
Attacking_17,J. Hendrick,34,0,0,0,0,0,0.03,0m,0,0
Attacking_17,K. Gibbs,33,0,0,0,0,0,0.03,0m,0,0
Attacking_17,P. Højbjerg,23,0,0,0,0,0,0,0m,0.26,0
Attacking_17,A. Ogbonna,32,0,0,0,0,0,0,0m,0.06,0
Attacking_17,S. Romero,01,11,0,9,2,0,0,34.09m,0,0
Attacking_17,P. Cech,34,13.88,0,11.53,2.09,0,0,0.83m,0,0
Attacking_17,P. Jagielka,24,0,6.75,0,0,0.04,0,0m,0.08,0.13
Attacking_17,J. Lascelles,33,0,4.45,0,0,0.18,0,0m,0.24,0.12
Attacking_17,S. Davis,23,0,10.74,0,0,0,0,0m,0.17,0.22
Attacking_17,M. Schneiderlin,30,0,7.27,0,0,0,0,0m,0,0.1
Attacking_17,K. Zouma,34,0,4.5,0,0,0,0,0m,0.21,0.21
Attacking_17,J. Tomkins,28,0,3.04,0,0,0,0,0m,0.29,0.39
Attacking_17,G. Krychowiak,27,0,0,0,0,0,0.07,0m,0,0
Attacking_17,M. Lowton,26,0,0,0,0,0,0.12,0m,0,0
Attacking_17,L. Baines,22,0,0,0,0,0,0.14,0m,0,0
Attacking_17,P. van Aanholt,28,0,0,0,0,0,0.04,0m,0,0
Attacking_17,E. Pieters,31,0,0,0,0,0,0.03,0m,0,0
Attacking_17,S. Agüero,25,0,0,0,0,0,0.24,0m,0,0
Attacking_17,M. Merino,23,0,0,0,0,0,0.04,0m,0,0
Attacking_17,H. Winks,16,0,0,0,0,0,0.06,0m,0,0
Attacking_17,S. Ward,28,0,0,0,0,0,0.04,0m,0,0
Attacking_17,J. King,33,0,0,0,0,0,0.06,0m,0,0
Attacking_17,R. Pereyra,31,0,0,0,0,0,0.06,0m,0,0
Attacking_17,D. Yedlin,34,0,0,0,0,0,0.06,0m,0,0
Attacking_17,W. Zaha,29,0,0,0,0,0,0.1,0m,0,0
Attacking_17,J. Ayew,35,0,0,0,0,0,0.03,0m,0,0
Attacking_17,C. Fuchs,25,0,0,0,0,0,0.04,0m,0,0
Attacking_17,K. Long,16,0,0,0,0,0,0.13,0m,0,0
Attacking_17,J. Wilshere,20,0,0,0,0,0,0.15,0m,0,0
Attacking_17,G. Sigurdsson,27,0,0,0,0,0,0.11,0m,0,0
Attacking_17,A. Martial,30,0,0,0,0,0,0.17,0m,0,0
Attacking_17,Pedro,31,0,0,0,0,0,0.06,0m,0,0
Attacking_17,Bruno,24,0,0,0,0,0,0,0m,0.04,0
Attacking_17,B. Hamer,04,8.75,0,8.5,0.25,0,0,8.15m,0,0
Attacking_17,M. Dubravka,12,12,0,10.5,1.42,0,0,2.61m,0,0
Attacking_17,A. Moreno,16,0,15.94,0,0,0.94,0,0m,0.13,0.19
Attacking_17,W. Reid,17,0,4.65,0,0,0,0,0m,0,0.24
Attacking_17,A. Williams,24,0,4.17,0,0,0,0,0m,0.13,0.33
Attacking_17,E. Capoue,23,0,10.74,0,0,0,0,0m,0.13,0.35
Attacking_17,M. van der Hoorn,24,0,6.29,0,0,0,0,0m,0.17,0.08
Attacking_17,C. Kouyaté,33,0,0,0,0,0,0.09,0m,0,0
Attacking_17,M. Arnautovic,31,0,0,0,0,0,0.19,0m,0,0
Attacking_17,S. Aurier,17,0,0,0,0,0,0.06,0m,0,0
Attacking_17,B. Chilwell,24,0,0,0,0,0,0.08,0m,0,0
Attacking_17,R. Lukaku,34,0,0,0,0,0,0.21,0m,0,0
Attacking_17,C. Clark,20,0,0,0,0,0,0.05,0m,0,0
Attacking_17,A. Lacazette,32,0,0,0,0,0,0.09,0m,0,0
Attacking_17,C. Martina,21,0,0,0,0,0,0.1,0m,0,0
Attacking_17,R. Loftus-Cheek,23,0,0,0,0,0,0.13,0m,0,0
Attacking_17,A. Masuaku,27,0,0,0,0,0,0.11,0m,0,0
Attacking_17,M. Sakho,19,0,0,0,0,0,0.11,0m,0,0
Attacking_17,Morata,30,0,0,0,0,0,0.2,0m,0,0
Attacking_17,L. Fer,20,0,0,0,0,0,0.05,0m,0,0
Attacking_17,A. Pérez,35,0,0,0,0,0,0.11,0m,0,0
Attacking_17,S. Rondón,36,0,0,0,0,0,0.08,0m,0,0
Attacking_17,R. Brady,15,0,0,0,0,0,0.13,0m,0,0
Attacking_17,S. March,34,0,0,0,0,0,0.03,0m,0,0
Attacking_17,A. Nyom,29,0,0,0,0,0,0.03,0m,0,0
Attacking_17,R. Shawcross,27,0,0,0,0,0,0.04,0m,0,0
Attacking_17,M. Phillips,30,0,0,0,0,0,0.07,0m,0,0
Attacking_17,C. Kabasele,28,0,0,0,0,0,0,0m,0.18,0.18
Attacking_17,A. Mariappa,27,0,0,0,0,0,0,0m,0.07,0
Attacking_17,A. Laporte,09,0,9.56,0,0,0.22,0,0m,0,0
Attacking_17,W. Morgan,32,0,2.84,0,0,0.13,0,0m,0.06,0.28
Attacking_17,V. Iborra,19,0,10.11,0,0,0,0,0m,0.21,0.47
Attacking_17,C. Dawson,28,0,4.86,0,0,0,0,0m,0.14,0.25
Attacking_17,D. Gray,35,0,0,0,0,0,0.03,0m,0,0
Attacking_17,T. Smith,24,0,0,0,0,0,0.04,0m,0,0
Attacking_17,Richarlison,37,0,0,0,0,0,0.11,0m,0,0
Attacking_17,F. Hadergjonaj,22,0,0,0,0,0,0.05,0m,0,0
Attacking_17,J. Rodriguez,36,0,0,0,0,0,0.03,0m,0,0
Attacking_17,J. Stanislas,19,0,0,0,0,0,0.11,0m,0,0
Attacking_17,J. Fonte,08,0,0,0,0,0,0.13,0m,0,0
Attacking_17,A. Carrillo,27,0,0,0,0,0,0.07,0m,0,0
Attacking_17,M. Rashford,35,0,0,0,0,0,0.14,0m,0,0
Attacking_17,E. Choupo-Moting,29,0,0,0,0,0,0.14,0m,0,0
Attacking_17,J. Vardy,37,0,0,0,0,0,0.03,0m,0,0
Attacking_17,T. Davies,33,0,0,0,0,0,0.03,0m,0,0
Attacking_17,S. Malone,21,0,0,0,0,0,0.05,0m,0,0
Attacking_17,G. Jesus,27,0,0,0,0,0,0.11,0m,0,0
Attacking_17,S. Boufal,24,0,0,0,0,0,0.08,0m,0,0
Attacking_17,A. Ayew,30,0,0,0,0,0,0.13,0m,0,0
Attacking_17,M. Antonio,21,0,0,0,0,0,0.05,0m,0,0
Attacking_17,D. Rose,10,0,0,0,0,0,0.1,0m,0,0
Attacking_17,E. Lamela,25,0,0,0,0,0,0.08,0m,0,0
Attacking_17,J. Ward,19,0,0,0,0,0,0.05,0m,0,0
Attacking_17,J. Stephens,22,0,0,0,0,0,0,0m,0.18,0
Attacking_17,M. Diamé,31,0,0,0,0,0,0,0m,0.19,0
Attacking_17,A. Westwood,18,0,0,0,0,0,0,0m,0.06,0
Attacking_17,P. Obiang,21,0,0,0,0,0,0,0m,0.24,0
Attacking_17,L. Karius,19,17.05,0,15.47,1.42,0,0,1.33m,0,0
Attacking_17,S. Mignolet,19,16.63,0,14.58,1.79,0,0,1.29m,0,0
Attacking_17,Nilsson-Lindelöf,17,0,5.88,0,0,0,0,0m,0,0
Attacking_17,D. Luiz,10,0,6.4,0,0,0,0,0m,0.4,0.5
Attacking_17,J. Schlupp,24,0,0,0,0,0,0.04,0m,0,0
Attacking_17,C. Benteke,31,0,0,0,0,0,0.16,0m,0,0
Attacking_17,D. Zappacosta,21,0,0,0,0,0,0.05,0m,0,0
Attacking_17,J. Mário,13,0,0,0,0,0,0.08,0m,0,0
Attacking_17,J. Izquierdo,31,0,0,0,0,0,0.06,0m,0,0
Attacking_17,C. Atsu,27,0,0,0,0,0,0.07,0m,0,0
Attacking_17,J. Manquillo,20,0,0,0,0,0,0.05,0m,0,0
Attacking_17,A. Silva,12,0,0,0,0,0,0.08,0m,0,0
Attacking_17,Y. Touré,09,0,0,0,0,0,0.22,0m,0,0
Attacking_17,A. Pritchard,14,0,0,0,0,0,0.07,0m,0,0
Attacking_17,B. Ndiaye,13,0,0,0,0,0,0.08,0m,0,0
Attacking_17,M. Diouf,35,0,0,0,0,0,0.06,0m,0,0
Attacking_17,D. Gayle,35,0,0,0,0,0,0.09,0m,0,0
Attacking_17,M. Zeegelaar,12,0,0,0,0,0,0.08,0m,0,0
Attacking_17,C. Wilson,28,0,0,0,0,0,0.07,0m,0,0
Attacking_17,Joselu,29,0,0,0,0,0,0.03,0m,0,0
Attacking_17,A. Lennon,29,0,0,0,0,0,0.07,0m,0,0
Attacking_17,T. Walcott,19,0,0,0,0,0,0.16,0m,0,0
Attacking_17,T. Deeney,29,0,0,0,0,0,0.03,0m,0,0
Attacking_17,E. Fernandes,13,0,0,0,0,0,0.08,0m,0,0
Attacking_17,H. Arter,13,0,0,0,0,0,0,0m,0.08,0.31
Attacking_17,V. Wanyama,17,0,0,0,0,0,0,0m,0.18,0.41
Attacking_17,S. Dann,17,0,0,0,0,0,0,0m,0.24,0.65
Attacking_17,K. Femenía,22,0,0,0,0,0,0,0m,0.14,0
Attacking_17,T. Ince,33,0,7.27,0,0,0,0,0m,0.55,0.76
Attacking_17,D. Janmaat,22,0,9,0,0,0,0,0m,0.45,0.41
Attacking_17,R. Holding,12,0,6.08,0,0,0,0,0m,0,0
Attacking_17,S. Mounie,27,0,0,0,0,0,0.04,0m,0,0
Attacking_17,Kenedy,13,0,0,0,0,0,0.15,0m,0,0
Attacking_17,C. Quaner,25,0,0,0,0,0,0.16,0m,0,0
Attacking_17,W. Hughes,14,0,0,0,0,0,0.21,0m,0,0
Attacking_17,D. Calvert-Lewin,32,0,0,0,0,0,0.16,0m,0,0
Attacking_17,B. Mendy,07,0,0,0,0,0,0.14,0m,0,0
Attacking_17,D. Welbeck,28,0,0,0,0,0,0.07,0m,0,0
Attacking_17,P. Crouch,30,0,0,0,0,0,0.07,0m,0,0
Attacking_17,S. Long,30,0,0,0,0,0,0.03,0m,0,0
Attacking_17,S. Okazaki,27,0,0,0,0,0,0.07,0m,0,0
Attacking_17,S. Coleman,12,0,0,0,0,0,0.08,0m,0,0
Attacking_17,H. Choudhury,08,0,0,0,0,0,0.13,0m,0,0
Attacking_17,K. Iheanacho,19,0,0,0,0,0,0.16,0m,0,0
Attacking_17,D. Sturridge,15,0,0,0,0,0,0.07,0m,0,0
Attacking_17,J. Murphy,25,0,0,0,0,0,0.04,0m,0,0
Attacking_17,P. Aubameyang,13,0,0,0,0,0,0.31,0m,0,0
Attacking_17,A. Gray,29,0,0,0,0,0,0.03,0m,0,0
Attacking_17,S. Arfield,18,0,0,0,0,0,0.06,0m,0,0
Attacking_17,J. Locadia,05,0,0,0,0,0,0.2,0m,0,0
Attacking_17,T. Abraham,28,0,0,0,0,0,0.04,0m,0,0
Attacking_17,C. Chambers,12,0,0,0,0,0,0,0m,0.25,0.33
Attacking_17,D. Simpson,28,0,0,0,0,0,0,0m,0.04,0
Attacking_17,S. Prödl,21,0,0,0,0,0,0,0m,0.05,0
Attacking_17,J. Collins,13,0,0,0,0,0,0,0m,0.08,0
Attacking_17,O. Zinchenko,08,0,0,0,0,0,0,0m,0.25,0
Attacking_17,M. Holgate,15,0,0,0,0,0,0,0m,0.07,0
Attacking_17,D. Rice,25,0,4.44,0,0,0.08,0,0m,0,0.12
Attacking_17,A. Dragovic,10,0,4.2,0,0,0,0,0m,0,0
Attacking_17,C. Adam,10,0,3.9,0,0,0,0,0m,0.3,0.4
Attacking_17,M. Britos,10,0,6.1,0,0,0,0,0m,0.2,0.2
Attacking_17,C. Wood,24,0,0,0,0,0,0.04,0m,0,0
Attacking_17,L. Sorensen,01,0,0,0,0,0,1,0m,0,0
Attacking_17,K. Walker-Peters,03,0,0,0,0,0,0.67,0m,0,0
Attacking_17,Jesé,11,0,0,0,0,0,0.09,0m,0,0
Attacking_17,J. Defoe,21,0,0,0,0,0,0.05,0m,0,0
Attacking_17,O. Niasse,21,0,0,0,0,0,0.1,0m,0,0
Attacking_17,O. Giroud,29,0,0,0,0,0,0.03,0m,0,0
Attacking_17,F. Diabaté,12,0,0,0,0,0,0.08,0m,0,0
Attacking_17,E. Kachunga,19,0,0,0,0,0,0.05,0m,0,0
Attacking_17,J. Pied,02,0,0,0,0,0,0.5,0m,0,0
Attacking_17,S. Berahino,13,0,0,0,0,0,0.08,0m,0,0
Attacking_17,O. Burke,11,0,0,0,0,0,0.18,0m,0,0
Attacking_17,D. Solanke,20,0,0,0,0,0,0.05,0m,0,0
Attacking_17,C. Musonda,03,0,0,0,0,0,0.33,0m,0,0
Attacking_17,Emerson,05,0,0,0,0,0,0.2,0m,0,0
Attacking_17,A. Sabiri,05,0,0,0,0,0,0.2,0m,0,0
Attacking_17,T. Hemed,15,0,0,0,0,0,0.13,0m,0,0
Attacking_17,S. Okaka,15,0,0,0,0,0,0.07,0m,0,0
Attacking_17,G. Carrillo,06,0,0,0,0,0,0.17,0m,0,0
Attacking_17,I. Slimani,16,0,0,0,0,0,0.06,0m,0,0
Attacking_17,R. van La Parra,33,0,0,0,0,0,0,0m,0.45,0.33
Attacking_17,A. King,22,0,0,0,0,0,0,0m,0.23,0.18
Attacking_17,C. Löwe,23,0,0,0,0,0,0,0m,0.09,0.17
Attacking_17,G. Bong,25,0,0,0,0,0,0,0m,0.04,0
Attacking_17,Roque,11,0,0,0,0,0,0,0m,0.09,0
Attacking_17,E. Bailly,13,0,0,0,0,0,0,0m,0.08,0
Attacking_17,Chicharito,25,0,0,0,0,0,0,0m,0.64,0
Attacking_17,P. Gazzaniga,01,16,0,15,1,0,0,26.27m,0,0
Attacking_17,W. Caballero,03,18.67,0,16,2.33,0,0,8.49m,0,0
Attacking_17,D. Ospina,05,14.2,0,11.4,2,0,0,5.05m,0,0
Attacking_17,M. Indi,17,0,3.71,0,0,0.18,0,0m,0,0.12
Attacking_17,K. Wimmer,17,0,3.76,0,0,0.12,0,0m,0,0
Attacking_17,T. Fosu-Mensah,20,0,5.65,0,0,0.3,0,0m,0,0.3
Attacking_17,M. Suttner,13,0,8.23,0,0,0,0,0m,0,0.08
Attacking_17,Y. Kaboul,02,0,6.5,0,0,0,0,0m,0,0
Attacking_17,M. Batshuayi,11,0,0,0,0,0,0.09,0m,0,0
Attacking_17,O. McBurnie,11,0,0,0,0,0,0.09,0m,0,0
Attacking_17,P. Foden,05,0,0,0,0,0,0.2,0m,0,0
Attacking_17,J. Kenny,19,0,0,0,0,0,0,0m,0.05,0.05
Attacking_17,C. Cathcart,07,0,0,0,0,0,0,0m,0.14,0.14
Attacking_17,M. Rojo,09,0,0,0,0,0,0,0m,0.11,0
Attacking_17,D. Williams,20,0,0,0,0,0,0,0m,0.1,0
Attacking_17,C. Yacob,16,0,0,0,0,0,0,0m,0.06,0
Attacking_17,E. Schelotto,20,0,0,0,0,0,0,0m,0.1,0
Attacking_17,M. Pugh,20,0,0,0,0,0,0,0m,0.2,0
Attacking_17,I. Hayden,26,0,0,0,0,0,0,0m,0.35,0
Attacking_17,M. Kelly,15,0,0,0,0,0,0,0m,0.13,0
Attacking_17,G. Cameron,19,0,0,0,0,0,0,0m,0,0.21
Attacking_17,A. Maitland-Niles,15,0,0,0,0,0,0,0m,0,0.27
Attacking_17,M. Vorm,01,20,0,10,10,0,0,24.71m,0,0
Attacking_17,C. Bravo,03,15.33,0,13,2.33,0,0,7.99m,0,0
Attacking_17,G. McAuley,09,0,1.44,0,0,0,0,0m,0,0
Attacking_17,E. Mangala,10,0,4.2,0,0,0.1,0,0m,0,0.1
Attacking_17,P. Dummett,20,0,5.7,0,0,0.3,0,0m,0,0.15
Attacking_17,P. Mertesacker,06,0,0,0,0,0,0,0m,0.33,0
Attacking_17,M. Wagué,06,0,0,0,0,0,0,0m,0.17,0.33
Attacking_17,D. Drinkwater,11,0,0,0,0,0,0,0m,0.18,0
Attacking_17,P. Bardsley,13,0,0,0,0,0,0,0m,0.15,0
Attacking_17,M. Bauer,15,0,0,0,0,0,0,0m,0.07,0
Attacking_17,G. Johnson,08,0,0,0,0,0,0,0m,0.13,0
Attacking_17,J. McClean,30,0,0,0,0,0,0,0m,0.2,0
Attacking_17,N. Dyer,24,0,0,0,0,0,0,0m,0.08,0
Attacking_17,A. Barnes,35,0,0,0,0,0,0,0m,0.63,0
Attacking_17,P. Billing,16,0,0,0,0,0,0,0m,0.13,0
Attacking_17,L. Shaw,10,0,0,0,0,0,0,0m,0.5,0
Attacking_17,M. James,13,0,0,0,0,0,0,0m,0.08,0
Attacking_17,R. Sanches,12,0,0,0,0,0,0,0m,0,0.75
Attacking_18,A. Gunn,00,1,0,1,0,0,0,58.8m,0,0
Attacking_18,N. Etheridge,16,8.38,0,8.25,0,0.06,0,3.13m,0,0
Attacking_18,A. Laporte,15,112.93,12.07,62.53,37.67,0.27,0,1.18m,0.2,0.73
Attacking_18,J. Hart,16,10.81,0,10.44,0.25,0.06,0,2.83m,0,0
Attacking_18,J. Speroni,00,4,0,4,0,0,0,45.81m,0,0
Attacking_18,V. van Dijk,16,94.69,9.63,46.63,38.19,0.13,0.06,1.17m,0.31,0.63
Attacking_18,A. Rüdiger,16,97.38,12.63,49.19,35,0.31,0,1.08m,0.31,0.69
Attacking_18,Jorginho,15,115.2,28.53,55.4,30.73,0.87,0,0.9m,0.2,0.2
Attacking_18,B. Hamer,03,10.33,0,9.67,0.33,0,0,14.5m,0,0
Attacking_18,D. Luiz,15,93,10,51.4,30.87,0.53,0.13,1.26m,0.33,0.53
Attacking_18,B. Foster,16,12.63,0,11.69,0.56,0.19,0,2.61m,0,0
Attacking_18,G. Xhaka,15,87.8,26.87,38.93,21.67,1.73,0.07,1.15m,0.53,0.4
Attacking_18,T. Heaton,00,26,0,26,0,0,0,41.57m,0,0
Attacking_18,D. Button,00,18,0,14,3,0,0,41.28m,0,0
Attacking_18,T. Alderweireld,14,86.36,13,41,31.43,0.21,0,1.47m,0.36,0.29
Attacking_18,S. Rico,07,22.29,0,19.86,1.14,0.14,0,5.68m,0,0
Attacking_18,M. Ryan,16,12.63,0,11.56,0.94,0,0,2.48m,0,0
Attacking_18,J. Lössl,14,24.43,0,22.64,1.57,0.14,0,2.55m,0,0
Attacking_18,Fernandinho,16,80.81,17.06,35.25,27.94,1,0.19,0.94m,0.38,0.75
Attacking_18,L. Fabianski,16,15.25,0,14.06,1.06,0,0,2.28m,0,0
Attacking_18,P. Pogba,14,0,21.14,0,20.57,1.93,0.43,0m,2.29,1
Attacking_18,J. Seri,16,0,18.5,0,19.56,2.75,0.13,0m,0.25,0.19
Attacking_18,R. Neves,15,0,12.67,0,0,1.07,0.13,0m,0.6,1.4
Attacking_18,C. Azpilicueta,16,0,27.06,0,0,1.06,0.13,0m,0.06,0.13
Attacking_18,A. Robertson,14,0,31.36,0,0,1.93,0.29,0m,0.21,0.29
Attacking_18,E. Hazard,15,0,17.73,0,0,3.47,0.67,0m,1.53,0.53
Attacking_18,J. Moutinho,16,0,13.44,0,0,2.25,0.25,0m,0.13,0.56
Attacking_18,J. Stones,11,0,15.64,0,0,0,0,0m,0,0.36
Attacking_18,N. Matic,13,0,18.08,0,0,0,0,0m,0.23,0.15
Attacking_18,C. Coady,16,0,3.63,0,0,0,0,0m,0,0
Attacking_18,L. Milivojevic,16,0,15.19,0,0,0,0.06,0m,0.94,0.44
Attacking_18,K. Schmeichel,16,0,0,0,1.69,0,0,0m,0,0.06
Attacking_18,W. Hennessey,16,0,0,0,0.63,0,0,0m,0,0
Attacking_18,K. Walker,13,0,0,0,0,0,0.08,0m,0.31,0.31
Attacking_18,D. Silva,14,0,0,0,0,0,0.14,0m,1,0
Attacking_18,M. Alonso,16,0,0,0,0,0,0.19,0m,0.25,0
Attacking_18,N. Kanté,16,0,0,0,0,0,0.13,0m,0,0
Attacking_18,L. Torreira,16,0,0,0,0,0,0.13,0m,0,0
Attacking_18,B. Silva,15,0,0,0,0,0,0.33,0m,0,0
Attacking_18,P. Højbjerg,13,0,0,0,0,0,0.08,0m,0,0
Attacking_18,A. Doucouré,16,0,0,0,0,0,0.31,0m,0,0
Attacking_18,A. McCarthy,16,10.38,0,8.81,1.19,0,0,2.24m,0,0
Attacking_18,R. Patrício,16,12.56,0,12,0.5,0,0,2.18m,0,0
Attacking_18,D. De Gea,16,17,0,15.31,0.94,0,0,2.11m,0,0
Attacking_18,M. Dubravka,16,18.69,0,15.56,2.88,0,0,2.05m,0,0
Attacking_18,S. Mustafi,16,0,8.88,0,18.56,0.06,0,0m,0.38,0.31
Attacking_18,H. Maguire,11,0,8.45,0,0,0.64,0,0m,0.82,0.64
Attacking_18,G. Wijnaldum,15,0,20,0,0,0.73,0,0m,0.2,0.4
Attacking_18,J. Henderson,13,0,17.23,0,0,0.38,0,0m,0,0.23
Attacking_18,Willian,15,0,23.87,0,0,3.47,0.2,0m,1.07,0.67
Attacking_18,J. Maddison,15,0,13.67,0,0,3.2,0.2,0m,1.07,0.73
Attacking_18,C. Eriksen,13,0,19.38,0,0,2.54,0.62,0m,1,0.85
Attacking_18,M. Sakho,16,0,5.75,0,0,0.38,0,0m,0,0.06
Attacking_18,J. Tomkins,14,0,6.21,0,0,0,0.07,0m,0.29,0.5
Attacking_18,C. Schindler,16,0,8,0,0,0,0,0m,0.06,0.38
Attacking_18,S. Cook,16,0,4.44,0,0,0,0.06,0m,0.38,0.25
Attacking_18,B. Mee,16,0,7.44,0,0,0,0.06,0m,0.19,0.38
Attacking_18,V. Guaita,00,0,0,0,2,0,0,0m,0,0
Attacking_18,J. Pickford,16,0,0,0,3.13,0.06,0,0m,0,0
Attacking_18,J. Milner,15,0,0,0,0,0,0.13,0m,0.27,0
Attacking_18,T. Alexander-Arnold,13,0,0,0,0,0,0.15,0m,0.38,0
Attacking_18,M. Keane,13,0,0,0,0,0,0.08,0m,0.46,0
Attacking_18,M. Kovacic,14,0,0,0,0,0,0.14,0m,0.21,0
Attacking_18,K. Trippier,12,0,0,0,0,0,0.25,0m,0,0
Attacking_18,E. Capoue,13,0,0,0,0,0,0.15,0m,0,0
Attacking_18,Sokratis,10,0,0,0,0,0,0.1,0m,0,0
Attacking_18,J. Hogg,12,0,0,0,0,0,0.08,0m,0,0
Attacking_18,F. Anderson,16,0,0,0,0,0,0.13,0m,0,0
Attacking_18,Ederson,16,0,0,0,0,0,0.06,0m,0,0
Attacking_18,K. Zouma,12,0,0,0,0,0,0.08,0m,0,0
Attacking_18,R. Fraser,16,0,0,0,0,0,0.5,0m,0,0
Attacking_18,A. Westwood,13,0,0,0,0,0,0.23,0m,0,0
Attacking_18,R. Sterling,13,0,0,0,0,0,0.54,0m,0,0
Attacking_18,L. Dunk,15,0,0,0,0,0,0,0m,0.2,0.53
Attacking_18,M. Bettinelli,07,15.71,0,14.57,0.86,0,0,4.64m,0,0
Attacking_18,H. Lloris,12,31.5,0,24.67,6.42,0,0,2.36m,0,0
Attacking_18,A. Begovic,16,14.19,0,11.94,1.88,0,0,1.9m,0,0
Attacking_18,N. Aké,16,0,5.69,0,0,0.06,0,0m,0.44,0.44
Attacking_18,I. Gueye,15,0,15.6,0,0,0.47,0,0m,0.13,0.33
Attacking_18,P. Billing,15,0,16.07,0,0,0.93,0,0m,0.47,0.8
Attacking_18,W. Ndidi,16,0,11.94,0,0,0.75,0,0m,0.44,1.31
Attacking_18,J. Gomez,13,0,6.38,0,0,0.54,0,0m,0.08,0.23
Attacking_18,H. Winks,14,0,13.14,0,0,0.29,0,0m,0.07,0.36
Attacking_18,M. Guendouzi,13,0,14.54,0,0,0,0,0m,0.23,0.23
Attacking_18,Alisson,16,0,0,0,5.88,0,0,0m,0,0
Attacking_18,Fabri,02,0,0,0,1,0,0,0m,0,0
Attacking_18,Kepa,16,0,0,0,6.63,0,0,0m,0,0
Attacking_18,S. Duffy,15,0,0,0,0,0,0.07,0m,0.6,0
Attacking_18,D. Odoi,14,0,0,0,0,0,0.07,0m,0,0
Attacking_18,L. Digne,14,0,0,0,0,0,0.14,0m,0.5,0
Attacking_18,A. Gomes,08,0,0,0,0,0,0.13,0m,0.25,0
Attacking_18,P. van Aanholt,16,0,0,0,0,0,0.06,0m,0.38,0
Attacking_18,M. Noble,11,0,0,0,0,0,0.18,0m,0,0
Attacking_18,Zanka,14,0,0,0,0,0,0.07,0m,0,0
Attacking_18,J. Shelvey,09,0,0,0,0,0,0.11,0m,0,0
Attacking_18,J. McArthur,16,0,0,0,0,0,0.13,0m,0,0
Attacking_18,T. Cairney,11,0,0,0,0,0,0.09,0m,0,0
Attacking_18,L. Shaw,12,0,0,0,0,0,0.08,0m,0,0
Attacking_18,A. Townsend,16,0,0,0,0,0,0.13,0m,0,0
Attacking_18,R. Firmino,16,0,0,0,0,0,0.19,0m,0,0
Attacking_18,M. Doherty,16,0,0,0,0,0,0.19,0m,0,0
Attacking_18,I. Gündogan,09,0,0,0,0,0,0.22,0m,0,0
Attacking_18,H. Bellerín,16,0,0,0,0,0,0.31,0m,0,0
Attacking_18,N. Redmond,16,0,0,0,0,0,0.13,0m,0,0
Attacking_18,V. Camarasa,15,0,0,0,0,0,0.07,0m,0,0
Attacking_18,D. Pröpper,12,0,0,0,0,0,0.08,0m,0,0
Attacking_18,M. Salah,16,0,0,0,0,0,0.38,0m,0,0
Attacking_18,W. Boly,16,0,0,0,0,0,0,0m,0.25,0
Attacking_18,D. Rice,13,0,0,0,0,0,0,0m,0.31,0
Attacking_18,N. Otamendi,05,0,0,0,0,0,0,0m,0,1
Attacking_18,Nilsson-Lindelöf,12,0,5.17,0,0,0.33,0,0m,0,0.25
Attacking_18,F. Schär,06,0,8.17,0,0,0.83,0,0m,0.67,1
Attacking_18,W. Hoedt,13,0,5.54,0,0,0.08,0,0m,0.08,0.38
Attacking_18,D. Sánchez,08,0,11.13,0,0,0,0,0m,0.25,0.88
Attacking_18,R. Bennett,15,0,12.73,0,0,0.47,0,0m,0.2,0.47
Attacking_18,M. Lemina,15,0,11.93,0,0,0,0,0m,0.27,0.8
Attacking_18,F. Fernández,13,0,0,0,0,0,0.08,0m,0,0
Attacking_18,A. Young,11,0,0,0,0,0,0.18,0m,0,0
Attacking_18,Fabinho,07,0,0,0,0,0,0.29,0m,0,0
Attacking_18,G. Sigurdsson,16,0,0,0,0,0,0.13,0m,0,0
Attacking_18,J. Holebas,13,0,0,0,0,0,0.38,0m,0,0
Attacking_18,S. Mané,14,0,0,0,0,0,0.07,0m,0,0
Attacking_18,J. Lascelles,12,0,0,0,0,0,0.08,0m,0,0
Attacking_18,L. Sané,14,0,0,0,0,0,0.57,0m,0,0
Attacking_18,R. Mahrez,15,0,0,0,0,0,0.13,0m,0,0
Attacking_18,Ander,09,0,0,0,0,0,0.33,0m,0,0
Attacking_18,M. Ritchie,14,0,0,0,0,0,0.29,0m,0,0
Attacking_18,H. Kane,16,0,0,0,0,0,0.19,0m,0,0
Attacking_18,S. Morrison,16,0,0,0,0,0,0.19,0m,0,0
Attacking_18,B. Chilwell,16,0,0,0,0,0,0.06,0m,0,0
Attacking_18,S. March,16,0,0,0,0,0,0.31,0m,0,0
Attacking_18,Pedro,14,0,0,0,0,0,0.07,0m,0,0
Attacking_18,M. Sissoko,11,0,0,0,0,0,0.09,0m,0,0
Attacking_18,P. Groß,08,0,0,0,0,0,0.13,0m,0,0
Attacking_18,R. Barkley,13,0,0,0,0,0,0.23,0m,0,0
Attacking_18,M. Le Marchand,12,0,0,0,0,0,0.08,0m,0,0
Attacking_18,J. Lerma,12,0,0,0,0,0,0,0m,0.5,0
Attacking_18,C. Cathcart,16,0,0,0,0,0,0,0m,0.19,0.25
Attacking_18,J. Tarkowski,13,0,0,0,0,0,0,0m,0.38,0
Attacking_18,P. Cech,07,19.71,0,14.29,5.14,0,0,3.88m,0,0
Attacking_18,B. Leno,10,30.9,0,24.1,6.3,0,0,2.44m,0,0
Attacking_18,N. Mendy,14,0,17,0,0,0.14,0,0m,0,0
Attacking_18,J. Vertonghen,09,0,9.67,0,0,0.33,0,0m,0.11,0.22
Attacking_18,I. Diop,14,0,7.57,0,0,0.07,0,0m,0.07,0.14
Attacking_18,A. Mooy,15,0,10.67,0,0,1.73,0,0m,0.6,0.6
Attacking_18,J. Cork,15,0,13,0,0,0.53,0,0m,0.13,0.2
Attacking_18,V. Kompany,07,0,6.43,0,0,0,0,0m,0,0.14
Attacking_18,C. Löwe,12,0,0,0,0,0,0.08,0m,0,0
Attacking_18,B. Mendy,09,0,0,0,0,0,0.56,0m,0,0
Attacking_18,R. Snodgrass,15,0,0,0,0,0,0.2,0m,0,0
Attacking_18,S. Bamba,15,0,0,0,0,0,0.07,0m,0,0
Attacking_18,F. Delph,07,0,0,0,0,0,0.14,0m,0,0
Attacking_18,R. Jiménez,16,0,0,0,0,0,0.25,0m,0,0
Attacking_18,W. Zaha,14,0,0,0,0,0,0.14,0m,0,0
Attacking_18,X. Shaqiri,12,0,0,0,0,0,0.17,0m,0,0
Attacking_18,D. Alli,11,0,0,0,0,0,0.09,0m,0,0
Attacking_18,M. Albrighton,15,0,0,0,0,0,0.13,0m,0,0
Attacking_18,S. Francis,15,0,0,0,0,0,0.13,0m,0,0
Attacking_18,R. Pereira,13,0,0,0,0,0,0.23,0m,0,0
Attacking_18,M. Özil,10,0,0,0,0,0,0.1,0m,0,0
Attacking_18,J. Mata,11,0,0,0,0,0,0.18,0m,0,0
Attacking_18,A. Ramsey,15,0,0,0,0,0,0.4,0m,0,0
Attacking_18,C. Kouyaté,14,0,0,0,0,0,0.07,0m,0,0
Attacking_18,B. Ecuele Manga,16,0,0,0,0,0,0.06,0m,0,0
Attacking_18,C. Soares,15,0,0,0,0,0,0.13,0m,0,0
Attacking_18,S. Agüero,13,0,0,0,0,0,0.46,0m,0,0
Attacking_18,K. Femenía,14,0,0,0,0,0,0.07,0m,0,0
Attacking_18,E. Dier,13,0,0,0,0,0,0,0m,0.15,0.15
Attacking_18,R. Pereyra,16,0,0,0,0,0,0,0m,1,0
Attacking_18,F. Balbuena,15,0,0,0,0,0,0,0m,0.13,0
Attacking_18,D. Lovren,04,0,0,0,0,0,0,0m,0.25,0
Attacking_18,D. Stephens,11,0,0,0,0,0,0,0m,0.09,0
Attacking_18,L. Damour,02,0,1,0,0,0,0,0m,0,0
Attacking_18,R. Holding,10,0,7.8,0,0,0.2,0,0m,0,0.2
Attacking_18,A. Iwobi,13,0,0,0,0,0,0.23,0m,0,0
Attacking_18,M. Rashford,13,0,0,0,0,0,0.46,0m,0,0
Attacking_18,J. Gudmundsson,14,0,0,0,0,0,0.29,0m,0,0
Attacking_18,A. Knockaert,13,0,0,0,0,0,0.23,0m,0,0
Attacking_18,A. Masuaku,12,0,0,0,0,0,0.08,0m,0,0
Attacking_18,R. Sessegnon,16,0,0,0,0,0,0.25,0m,0,0
Attacking_18,A. Mitrovic,16,0,0,0,0,0,0.13,0m,0,0
Attacking_18,M. Meyer,13,0,0,0,0,0,0.15,0m,0,0
Attacking_18,A. Martial,12,0,0,0,0,0,0.08,0m,0,0
Attacking_18,S. Heung-Min,11,0,0,0,0,0,0.45,0m,0,0
Attacking_18,S. Kolasinac,06,0,0,0,0,0,0.5,0m,0,0
Attacking_18,M. Arnautovic,13,0,0,0,0,0,0.15,0m,0,0
Attacking_18,D. Yedlin,15,0,0,0,0,0,0.07,0m,0,0
Attacking_18,Bernard,13,0,0,0,0,0,0.15,0m,0,0
Attacking_18,A. Wan-Bissaka,15,0,0,0,0,0,0.07,0m,0,0
Attacking_18,N. Keita,12,0,0,0,0,0,0.08,0m,0,0
Attacking_18,A. Lacazette,15,0,0,0,0,0,0.33,0m,0,0
Attacking_18,D. Brooks,15,0,0,0,0,0,0.13,0m,0,0
Attacking_18,P. Zabaleta,12,0,0,0,0,0,0.08,0m,0,0
Attacking_18,M. Gibbs-White,10,0,0,0,0,0,0.1,0m,0,0
Attacking_18,J. Ralls,13,0,0,0,0,0,0,0m,0.23,0.38
Attacking_18,A. Mawson,09,0,0,0,0,0,0,0m,0.11,0
Attacking_18,C. Smalling,13,0,0,0,0,0,0,0m,0.15,0
Attacking_18,T. Kongolo,13,0,0,0,0,0,0,0m,0.23,0
Attacking_18,B. Davies,12,0,0,0,0,0,0,0m,0.08,0
Attacking_18,A. Boruc,00,12,0,11,1,0,0,26.97m,0,0
Attacking_18,K. Sung-yueng,09,0,9.89,0,0,1.44,0,0m,0,0.11
Attacking_18,L. Koscielny,00,0,45,0,0,0,0,0m,2,0
Attacking_18,A. Mariappa,09,0,5.67,0,0,0.11,0,0m,0,0.11
Attacking_18,J. Lingard,12,0,0,0,0,0,0.08,0m,0,0
Attacking_18,P. Obiang,10,0,0,0,0,0,0.1,0m,0,0
Attacking_18,P. Aubameyang,16,0,0,0,0,0,0.19,0m,0,0
Attacking_18,M. Targett,05,0,0,0,0,0,0.4,0m,0,0
Attacking_18,J. Murphy,07,0,0,0,0,0,0.14,0m,0,0
Attacking_18,A. Pérez,16,0,0,0,0,0,0.06,0m,0,0
Attacking_18,N. Monreal,08,0,0,0,0,0,0.25,0m,0,0
Attacking_18,D. Janmaat,06,0,0,0,0,0,0.17,0m,0,0
Attacking_18,D. Rose,08,0,0,0,0,0,0.13,0m,0,0
Attacking_18,H. Costa,16,0,0,0,0,0,0.06,0m,0,0
Attacking_18,M. Fellaini,12,0,0,0,0,0,0.08,0m,0,0
Attacking_18,C. Wilson,15,0,0,0,0,0,0.33,0m,0,0
Attacking_18,J. Stanislas,09,0,0,0,0,0,0.22,0m,0,0
Attacking_18,H. Mkhitaryan,12,0,0,0,0,0,0.08,0m,0,0
Attacking_18,D. Gray,13,0,0,0,0,0,0.08,0m,0,0
Attacking_18,E. Durm,11,0,0,0,0,0,0.09,0m,0,0
Attacking_18,G. Deulofeu,09,0,0,0,0,0,0.11,0m,0,0
Attacking_18,Kenedy,14,0,0,0,0,0,0.07,0m,0,0
Attacking_18,T. Walcott,16,0,0,0,0,0,0.13,0m,0,0
Attacking_18,S. Davis,03,0,0,0,0,0,0.33,0m,0,0
Attacking_18,Y. Mina,06,0,0,0,0,0,0,0m,0.17,0.33
Attacking_18,F. Lejeune,00,0,0,0,0,0,0,0m,1,0
Attacking_18,Fred,08,0,0,0,0,0,0,0m,0.25,0.88
Attacking_18,J. Defoe,04,0,0,0,0,0,0,0m,0.25,0
Attacking_18,P. Jones,03,0,0,0,0,0,0,0m,0.33,0
Attacking_18,J. Evans,09,0,0,0,0,0,0,0m,0.11,0
Attacking_18,C. Chambers,10,0,0,0,0,0,0,0m,0.6,0
Attacking_18,W. Morgan,12,0,0,0,0,0,0,0m,0.08,0
Attacking_18,A. Schürrle,14,0,0,0,0,0,0,0m,1.21,0
Attacking_18,C. Kabasele,11,0,0,0,0,0,0,0m,0.18,0
Attacking_18,A. Surman,08,0,0,0,0,0,0,0m,0,0.5
Attacking_18,P. Gazzaniga,02,19.5,0,15,4.5,0,0,12.58m,0,0
Attacking_18,K. Long,04,0,5.25,0,0,0,0,0m,0,0.25
Attacking_18,C. Taylor,16,0,14,0,0,0.44,0,0m,0,0.13
Attacking_18,J. Vestergaard,08,0,0,0,0,0.38,0,0m,0.13,0.63
Attacking_18,A. Pritchard,13,0,0,0,0,1.31,0,0m,0.77,0.69
Attacking_18,F. Hadergjonaj,14,0,0,0,0,1,0,0m,0.07,0.07
Attacking_18,M. Schneiderlin,06,0,0,0,0,0,0.17,0m,0,0
Attacking_18,L. Vietto,12,0,0,0,0,0,0.33,0m,0,0
Attacking_18,A. Sánchez,10,0,0,0,0,0,0.2,0m,0,0
Attacking_18,J. Bennett,11,0,0,0,0,0,0.09,0m,0,0
Attacking_18,Richarlison,14,0,0,0,0,0,0.07,0m,0,0
Attacking_18,M. Antonio,13,0,0,0,0,0,0.15,0m,0,0
Attacking_18,Bernardo,06,0,0,0,0,0,0.17,0m,0,0
Attacking_18,J. King,13,0,0,0,0,0,0.15,0m,0,0
Attacking_18,T. Deeney,13,0,0,0,0,0,0.08,0m,0,0
Attacking_18,O. Zinchenko,02,0,0,0,0,0,0.5,0m,0,0
Attacking_18,E. Lamela,09,0,0,0,0,0,0.22,0m,0,0
Attacking_18,W. Hughes,15,0,0,0,0,0,0.07,0m,0,0
Attacking_18,D. Dalot,03,0,0,0,0,0,0.33,0m,0,0
Attacking_18,A. Lennon,15,0,0,0,0,0,0.07,0m,0,0
Attacking_18,J. Wilshere,05,0,0,0,0,0,0.2,0m,0,0
Attacking_18,S. Aurier,06,0,0,0,0,0,0.33,0m,0,0
Attacking_18,S. Mounie,13,0,0,0,0,0,0.15,0m,0,0
Attacking_18,J. Vardy,12,0,0,0,0,0,0.25,0m,0,0
Attacking_18,A. Masina,04,0,0,0,0,0,0.25,0m,0,0
Attacking_18,Chicharito,12,0,0,0,0,0,0.08,0m,0,0
Attacking_18,S. Coleman,12,0,0,0,0,0,0,0m,0.17,0
Attacking_18,D. Gosling,12,0,0,0,0,0,0,0m,0.17,0
Attacking_18,J. Stephens,08,0,0,0,0,0,0,0m,0.5,0
Attacking_18,M. Diamé,16,0,0,0,0,0,0,0m,0.19,0
Attacking_18,C. Daniels,09,0,0,0,0,0,0,0m,0.11,0
Attacking_18,J. Foyth,05,0,0,0,0,0,0,0m,0.2,0
Attacking_18,M. Kelly,03,0,2.33,0,0,0,0,0m,0,0
Attacking_18,M. Holgate,05,0,5.2,0,0,0,0,0m,0,0
Attacking_18,M. Lowton,12,0,0,0,0,0.33,0,0m,0,0.17
Attacking_18,C. Christie,10,0,0,0,0,1.2,0,0m,0.2,0.4
Attacking_18,Danilo,01,0,0,0,0,4,0,0m,2,2
Attacking_18,B. Kayal,10,0,0,0,0,0,0.1,0m,0,0
Attacking_18,D. McNeil,01,0,0,0,0,0,1,0m,0,0
Attacking_18,A. Barnes,15,0,0,0,0,0,0.07,0m,0,0
Attacking_18,R. Brady,07,0,0,0,0,0,0.14,0m,0,0
Attacking_18,I. Mbenza,09,0,0,0,0,0,0.11,0m,0,0
Attacking_18,J. Kenny,04,0,0,0,0,0,0.25,0m,0,0
Attacking_18,S. Rondón,11,0,0,0,0,0,0.18,0m,0,0
Attacking_18,K. Iheanacho,15,0,0,0,0,0,0.2,0m,0,0
Attacking_18,G. Diangana,07,0,0,0,0,0,0.14,0m,0,0
Attacking_18,J. Ayew,10,0,0,0,0,0,0.1,0m,0,0
Attacking_18,G. Jesus,13,0,0,0,0,0,0.15,0m,0,0
Attacking_18,J. Manquillo,06,0,0,0,0,0,0.17,0m,0,0
Attacking_18,K. Walker-Peters,01,0,0,0,0,0,3,0m,0,0
Attacking_18,L. Bonatini,07,0,0,0,0,0,0.14,0m,0,0
Attacking_18,K. Sema,06,0,0,0,0,0,0.33,0m,0,0
Attacking_18,C. Tosun,13,0,0,0,0,0,0.15,0m,0,0
Attacking_18,B. Reid,12,0,0,0,0,0,0.08,0m,0,0
Attacking_18,A. Lookman,10,0,0,0,0,0,0.1,0m,0,0
Attacking_18,I. Hayden,04,0,0,0,0,0,0.25,0m,0,0
Attacking_18,D. Welbeck,08,0,0,0,0,0,0.13,0m,0,0
Attacking_18,A. Gunnarsson,08,0,0,0,0,0,0,0m,0.25,0.38
Attacking_18,J. Matip,07,0,0,0,0,0,0,0m,0.29,0.14
Attacking_18,Jonny,12,0,0,0,0,0,0,0m,0.25,0
Attacking_18,H. Arter,13,0,0,0,0,0,0,0m,0.31,0
Attacking_18,A. Ogbonna,05,0,0,0,0,0,0,0m,0.6,0
Attacking_18,L. Balogun,05,0,0,0,0,0,0,0m,0.2,0
Attacking_18,S. Armstrong,12,0,0,0,0,0,0,0m,0.75,0
Attacking_18,R. Saïss,05,0,0,0,0,0,0,0m,0.2,0
Attacking_18,D. Amartey,09,0,0,0,0,0,0,0m,0.11,0
Attacking_18,O. Romeu,09,0,0,0,0,0,0,0m,0.22,0
Attacking_18,T. Ream,06,0,6.83,0,0,0.5,0,0m,0,0
Attacking_18,K. McDonald,09,0,8.33,0,0,0.44,0,0m,0,0.33
Attacking_18,L. Cook,13,0,6.85,0,0,0.15,0,0m,0,0.08
Attacking_18,M. Yoshida,05,0,5.8,0,0,0.4,0,0m,0,0.4
Attacking_18,C. Sánchez,05,0,0,0,0,0.4,0,0m,0,0
Attacking_18,O. Giroud,13,0,0,0,0,0,0.23,0m,0,0
Attacking_18,L. Depoitre,15,0,0,0,0,0,0.07,0m,0,0
Attacking_18,M. Obafemi,04,0,0,0,0,0,0.25,0m,0,0
Attacking_18,D. Calvert-Lewin,14,0,0,0,0,0,0.07,0m,0,0
Attacking_18,S. Okazaki,10,0,0,0,0,0,0.1,0m,0,0
Attacking_18,D. Origi,02,0,0,0,0,0,0.5,0m,0,0
Attacking_18,M. Montoya,08,0,0,0,0,0,0,0m,0.13,0
Attacking_18,J. Bryan,06,0,0,0,0,0,0,0m,0.33,0
Attacking_18,C. Clark,09,0,0,0,0,0,0,0m,0.33,0
Attacking_18,J. Hendrick,12,0,0,0,0,0,0,0m,0.33,0
Attacking_18,T. Fosu-Mensah,07,0,0,0,0,0,0,0m,0.14,0
Attacking_18,R. Bertrand,12,0,0,0,0,0,0,0m,0.17,0
Attacking_18,K. De Bruyne,03,0,0,0,0,0,0,0m,0.67,0
Attacking_18,V. Iborra,08,0,0,0,0,0,0,0m,0.13,0
Attacking_18,Y. Bissouma,14,0,0,0,0,0,0,0m,0.21,0
Attacking_18,L. Moura,15,0,0,0,0,0,0,0m,0.53,0
Attacking_18,A. Smith,12,0,0,0,0,0,0,0m,0.08,0
Attacking_18,P. Souaré,01,0,3,0,0,0,0,0m,0,0
Attacking_18,E. Bailly,06,0,4,0,0,0,0,0m,0,0
Attacking_18,S. Defour,06,0,0,0,0,0.33,0,0m,0,0
Attacking_18,A. Cresswell,07,0,0,0,0,1.43,0,0m,0,0.43
Attacking_18,D. Ings,11,0,0,0,0,0,0,0m,1.64,0
Attacking_18,D. Quina,02,0,0,0,0,0,0,0m,0.5,0
Attacking_18,J. Bacuna,02,0,0,0,0,0,0,0m,0.5,0
Attacking_18,A. Zambo Anguissa,11,0,0,0,0,0,0,0m,0.18,0
Attacking_18,J. Ward-Prowse,07,0,0,0,0,0,0,0m,0.71,0
Attacking_18,D. Jota,15,0,0,0,0,0,0,0m,0.73,0
Attacking_18,T. Davies,06,0,0,0,0,0,0,0m,0.17,0
Attacking_18,P. Dummett,10,0,0,0,0,0,0,0m,0,0.3
Attacking_18,M. Vorm,02,16.5,0,11.5,4.5,0,0,10.47m,0,0
Attacking_18,P. Jagielka,02,0,2,0,0,0,0,0m,0,0
Attacking_18,Bruno,08,0,7.75,0,0,0.38,0,0m,0,0.13
Attacking_18,G. Bong,12,0,0,0,0,0.42,0,0m,0,0
Attacking_18,R. Ghezzal,10,0,0,0,0,0,0,0m,0.4,0
Attacking_18,M. Elyounoussi,10,0,0,0,0,0,0,0m,0.6,0
Attacking_18,A. Kamara,08,0,0,0,0,0,0,0m,1.13,0
Attacking_18,J. Locadia,10,0,0,0,0,0,0,0m,0.6,0
Attacking_18,I. Success,16,0,0,0,0,0,0,0m,0.44,0
Attacking_18,C. Atsu,10,0,0,0,0,0,0,0m,1.1,0
Attacking_18,G. Cunningham,04,0,0,0,0,0,0,0m,0.25,0
Attacking_18,S. McTominay,06,0,0,0,0,0,0,0m,0.33,0
Attacking_18,R. Lukaku,15,0,0,0,0,0,0,0m,1.2,0
Attacking_18,D. Hoilett,13,0,0,0,0,0,0,0m,0.31,0
Attacking_18,C. Paterson,14,0,0,0,0,0,0,0m,0.43,0
Attacking_18,A. Traoré,14,0,0,0,0,0,0,0m,0.5,0
Attacking_18,A. Pereira,04,0,3.25,0,0,0,0,0m,0,0
Attacking_18,P. Bardsley,04,0,0,0,0,1,0,0m,0,1.25
Attacking_18,B. Gibson,00,0,0,0,0,0,0,0m,1,0
Attacking_18,A. Jahanbakhsh,10,0,0,0,0,0,0,0m,0.3,0
Attacking_18,M. Rojo,02,0,0,0,0,0,0,0m,1,0
Attacking_18,J. Schlupp,13,0,0,0,0,0,0,0m,0.38,0
Attacking_18,A. Yarmolenko,09,0,0,0,0,0,0,0m,0.33,0
Attacking_18,A. Maitland-Niles,01,0,0,0,0,0,0,0m,3,0
Attacking_18,I. Cavaleiro,09,0,0,0,0,0,0,0m,0.33,0
Attacking_18,L. Baines,04,0,0,0,0,0,0,0m,0.25,0
Attacking_18,S. Ward,03,0,0,0,0,0,0,0m,0.33,0
Attacking_18,D. Sturridge,09,0,0,0,0,0,0,0m,0.56,0
Attacking_18,D. Ward,08,0,0,0,0,0,0,0m,0.38,0
Attacking_18,Morata,14,0,0,0,0,0,0,0m,1.07,0
Attacking_18,T. Smith,04,0,0,0,0,0,0,0m,0,0.25
Attacking_18,M. Dembélé,10,0,0,0,0,0,0,0m,0,0.1
Attacking_18,S. Lichtsteiner,05,0,0,0,0,0,0,0m,0,0.2
Attacking_18,A. Valencia,04,0,0,0,0,0,0,0m,0,0.25
Attacking_18,A. Christensen,01,0,7,0,0,0,0,0m,0,0
Attacking_18,D. Simpson,02,0,0,0,0,0.5,0,0m,0,0
Attacking_18,S. Johansen,11,0,0,0,0,0.09,0,0m,0,0.09
Attacking_18,J. Bednarek,03,0,0,0,0,0.33,0,0m,0,0
Attacking_18,C. Fàbregas,04,0,0,0,0,0.5,0,0m,0,0.25
Attacking_18,H. Choudhury,00,0,0,0,0,0,0,0m,1,0
Attacking_18,V. Wanyama,04,0,0,0,0,0,0,0m,0.25,0
Attacking_18,G. Murray,16,0,0,0,0,0,0,0m,0.81,0
Attacking_18,R. Loftus-Cheek,06,0,0,0,0,0,0,0m,0.5,0
Attacking_18,M. Darmian,03,0,0,0,0,0,0,0m,0.33,0
Attacking_18,J. Izquierdo,09,0,0,0,0,0,0,0m,0.33,0
Attacking_18,K. Harris,08,0,0,0,0,0,0,0m,0.13,0
Attacking_18,C. Wood,16,0,0,0,0,0,0,0m,0.69,0
Attacking_18,N. Mendez-Laing,05,0,0,0,0,0,0,0m,0.4,0
Attacking_18,T. Cleverley,00,0,0,0,0,0,0,0m,1,0
Attacking_18,S. Longstaff,00,0,0,0,0,0,0,0m,0,1
Attacking_18,C. Söyüncü,04,0,0,0,0,0,0,0m,0,0.25
Attacking_18,A. Moreno,02,0,0,0,0,0,0,0m,0,0.5
Attacking_18,D. Rico,04,0,0,0,0,0,0,0m,0,0.75
