Data,Name,tackles made,tackles won,intercept,total blocks,total clearances,total red cards,total yellow cards,total saves,saves per goal
Defending_16,M. Lowton,8,5.38,5,5.77,15,0,0.69,2.15,0
Defending_16,S. Cook,3.36,2.29,5.5,4.14,24.93,0,0.36,2.79,0
Defending_16,B. Mee,3.62,2.46,5.69,4.92,22.85,0,0.38,3.62,0
Defending_16,E. Pieters,9.08,6.83,5.08,7.5,10.75,0,0.33,1.67,0
Defending_16,C. Fuchs,7.54,6.23,5.62,6.15,12.69,0,0.77,1.08,0
Defending_16,I. Gueye,11.42,8.42,7.33,5,3.92,0,0.92,0.75,0
Defending_16,A. Williams,4.42,3.5,4.83,5.92,23.67,0.08,0.58,2.25,0
Defending_16,O. Romeu,8.5,6.29,6.43,4.21,5.29,0,0.79,0.93,0
Defending_16,M. Keane,2.23,1.92,5,4.69,19.77,0,0.31,3.46,0
Defending_16,G. McAuley,3.85,2.85,6,4.54,17.69,0,0.38,2.38,0
Defending_16,J. Ward,6.43,4.86,4.36,5.29,11.64,0,0.5,0.79,0
Defending_16,S. Francis,4.5,3.64,3.93,3.86,16.64,0.07,0.29,1.36,0
Defending_16,R. Shawcross,4.08,3,4.92,4.58,18.92,0,0.5,2.67,0
Defending_16,N. Kanté,9.77,6.23,6.62,5.62,3.54,0,0.69,0.31,0
Defending_16,N. Monreal,7.58,5.17,7.67,5.92,9,0,0.42,0.92,0
Defending_16,S. Ward,5.83,3.92,6.58,5.67,14.42,0,0.42,1.33,0
Defending_16,J. Milner,8.17,5.5,3.83,6.67,11.33,0,0.42,0.42,0
Defending_16,N. Otamendi,7,5.3,8.6,3.9,19.3,0,0.9,1.5,0
Defending_16,C. Azpilicueta,6.54,4.92,0,4,0,0,0.31,0,0
Defending_16,C. Davies,3.15,1.85,0,0,0,0,0,0,0
Defending_16,J. Pickford,0,0,0.27,0.09,1.18,0,0,12.91,0.25
Defending_16,T. Heaton,0,0,0.08,0,0.25,0,0.08,11.83,0.26
Defending_16,W. Reid,0,0,0,0,0,0.1,0,0,0
Defending_16,L. Koscielny,0,0,0,0,0,0.08,0,0,0
Defending_16,J. Livermore,0,0,0,0,0,0.08,0,0,0
Defending_16,P. Jagielka,0,0,0,0,0,0.08,0,0,0
Defending_16,Ander,0,0,0,0,0,0.1,0,0,0
Defending_16,S. Prödl,0,0,0,0,0,0.08,0,0,0
Defending_16,S. Clucas,0,0,0,0,0,0.08,0,0,0
Defending_16,H. Arter,0,0,0,0,0,0.07,0,0,0
Defending_16,Fernandinho,0,0,0,0,0,0.15,0,0,0
Defending_16,P. Djilobodji,0,0,0,0,0,0.11,0,0,0
Defending_16,M. Britos,0,0,0,0,0,0.18,0,0,0
Defending_16,V. van Dijk,0,0,0,0,0,0.07,0,0,0
Defending_16,G. Xhaka,0,0,0,0,0,0.2,0,0,0
Defending_16,A. El. Mohamady,0,0,0,0,0,0.08,0,0,0
Defending_16,T. Huddlestone,0,0,0,0,0,0.1,0,0,0
Defending_16,M. Fellaini,0,0,0,0,0,0.1,0,0,0
Defending_16,A. Cresswell,0,0,0,0,0,0.2,0,0,0
Defending_16,S. Larsson,0,0,0,0,0,1,0,0,0
Defending_16,C. Dawson,4.46,3.54,4.77,4.62,12.54,0,0.77,2.23,0
Defending_16,M. Indi,6.1,4.4,5.9,3.6,21,0,0.5,1.9,0
Defending_16,H. Gomes,0,0,0.15,0,1.85,0,0.08,9.15,0.14
Defending_16,B. Gibson,2.38,1.69,4.77,3.69,18.38,0,0.31,2.38,0
Defending_16,L. Fabianski,0.23,0.08,0.08,0,0.38,0,0.08,9.08,0.14
Defending_16,C. Chambers,6.25,4.75,6.75,6,22.63,0,0.5,3.25,0
Defending_16,J. Fonte,3.77,2.62,6,3.85,13.69,0,0.31,1.85,0
Defending_16,K. Naughton,6.33,4.5,3.58,5.58,10.42,0,0.42,1.33,0
Defending_16,A. Smith,6.54,4.62,4.23,5.23,7.31,0,0.46,1,0
Defending_16,C. Yacob,7.92,5.5,4.75,4.25,5.08,0,0.75,1.5,0
Defending_16,B. Foster,0,0,0.08,0,1.08,0,0.15,9,0.17
Defending_16,K. Schmeichel,0.25,0.25,0.13,0.13,1.38,0,0.13,14.25,0.3
Defending_16,H. Maguire,8,5.86,9.14,6.14,20.57,0,0.71,3.86,0
Defending_16,P. Cech,0,0,0.08,0,0.69,0,0.15,8.85,0.22
Defending_16,A. Boruc,0,0,0.08,0.25,0.42,0,0.17,9.58,0.16
Defending_16,R. Huth,2.33,1.83,0,4.75,0,0,0.75,0,0
Defending_16,J. Vertonghen,3.38,2.69,0,2.92,0,0,0,0,0
Defending_16,A. Clayton,0,0,0,5.82,0,0,0,0,0
Defending_16,G. Cahill,0,0,0,2.69,0,0,0,0,0
Defending_16,G. Boyd,0,0,0,6,0,0,0,0,0
Defending_16,J. Hendrick,0,0,0,0,0,0.09,0,0,0
Defending_16,G. Ramírez,0,0,0,0,0,0.08,0,0,0
Defending_16,M. Antonio,0,0,0,0,0,0.08,0,0,0
Defending_16,N. Redmond,0,0,0,0,0,0.07,0,0,0
Defending_16,S. Byram,0,0,0,0,0,0.2,0,0,0
Defending_16,P. Bardsley,0,0,0,0,0,0.11,0,0,0
Defending_16,M. Arnautovic,0,0,0,0,0,0.08,0,0,0
Defending_16,A. Surman,0,0,0,0,0,0.11,0,0,0
Defending_16,A. Barnes,0,0,0,0,0,0.2,0,0,0
Defending_16,S. Pienaar,0,0,0,0,0,0.11,0,0,0
Defending_16,S. Feghouli,0,0,0,0,0,0.17,0,0,0
Defending_16,A. Januzaj,0,0,0,0,0,0.13,0,0,0
Defending_16,J. Vardy,0,0,0,0,0,0.08,0,0,0
Defending_16,S. Agüero,0,0,0,0,0,0.09,0,0,0
Defending_16,O. Niasse,0,0,0,0,0,1,0,0,0
Defending_16,Nolito,0,0,0,0,0,0.09,0,0,0
Defending_16,R. Pereyra,0,0,0,0,0,0.09,0,0,0
Defending_16,B. Watson,0,0,0,0,0,0.33,0,0,0
Defending_16,C. Soares,8.3,6.4,3.5,6.2,9.2,0,0.7,0.7,0
Defending_16,A. Barragán,5.54,4.08,4.62,4.15,6.69,0,0.38,1,0
Defending_16,C. Kouyaté,5.85,3.69,6.31,2.46,8.69,0,0.23,0.54,0
Defending_16,E. Bailly,6.67,4.78,6.67,3.44,14.11,0,0.44,1.78,0
Defending_16,F. Fernández,5.5,4,6.25,4.75,23.13,0,0.88,2.5,0
Defending_16,A. Nyom,8,5.89,6.78,4.67,12.44,0,0.89,0.89,0
Defending_16,V. Wanyama,7,4.85,3.23,3,5.15,0,0.77,0.69,0
Defending_16,D. Drinkwater,7.17,4.58,3.33,4.58,4.75,0,0.58,1,0
Defending_16,T. Alderweireld,5.13,4.38,3.25,4.75,20.25,0,0.13,2.63,0
Defending_16,N. Clyne,5.86,4.36,3.14,3.71,4.14,0,0,0.14,0
Defending_16,L. Koné,2.73,2.55,4.27,3.18,17.45,0,0.36,2,0
Defending_16,D. Ndong,8.3,6.2,0,4.4,0,0,0.5,0,0
Defending_16,B. Jones,0,0,0,11,0,0,0,0,0
Defending_16,C. Daniels,0,0,0,4.25,0,0,0,0,0
Defending_16,G. Barry,0,0,0,4.58,0,0,0,0,0
Defending_16,D. Simpson,4.17,3.33,5.75,4.75,13,0,1,0.92,0
Defending_16,A. Mawson,9,7.67,10,12,57.67,0,0.33,9.33,0
Defending_16,J. Evans,3.5,2.08,6.42,3.5,12.83,0,0.67,1.67,0
Defending_16,G. Friend,6.2,4.7,5.6,4.3,9.3,0,0.4,1.1,0
Defending_16,J. Matip,4.17,3.17,4.33,2.08,12.75,0,0.25,1,0
Defending_16,D. Lovren,4.4,3.1,4.7,2.8,18,0,0.6,1.6,0
Defending_16,A. Robertson,6,4.11,6.33,6.78,10.78,0,0.56,1.67,0
Defending_16,J. Henderson,7.15,5.23,3.46,2.54,3,0,0.62,0.23,0
Defending_16,M. Kelly,3.54,2.62,2,4.15,11,0,0.31,1.31,0
Defending_16,L. Grant,0,0,0,0,1.5,0,0.13,11.5,0.34
Defending_16,D. Luiz,4.67,3.11,7.11,3.56,19.56,0,0.67,1.56,0
Defending_16,J. Allen,7.5,4.33,5.33,4.42,3.25,0,0.75,0.5,0
Defending_16,S. Coleman,5.6,4.4,3.1,5.1,8.1,0,0.3,1.7,0
Defending_16,E. Dier,4,2.92,3.08,3.25,12,0,0.5,1.42,0
Defending_16,K. Walker,5.62,4,3.08,3.23,0,0,0.62,0,0
Defending_16,J. Holebas,5.08,3.5,0,4.25,0,0,1.17,0,0
Defending_16,L. Baines,0,0,0,7,0,0,0,0,0
Defending_16,V. Behrami,0,0,0,3.92,0,0,0,0,0
Defending_16,A. Kolarov,0,0,0,2.08,0,0,0,0,0
Defending_16,A. Townsend,0,0,0,3.36,0,0,0,0,0
Defending_16,M. de Roon,7.3,4.3,4.5,5.2,6.8,0,0.8,1,0
Defending_16,M. Alonso,7,4.75,5.88,7.88,11.38,0,0.25,0.75,0
Defending_16,J. Puncheon,5.85,4.77,3.08,3.31,3.15,0,0.69,0.46,0
Defending_16,W. Morgan,2.08,1.08,4.31,3.15,10.69,0,0.23,1.92,0
Defending_16,A. Valencia,6.18,3.91,3.82,5.36,5.91,0,0.45,0.64,0
Defending_16,W. Hennessey,0,0,0.2,0,1.4,0,0.2,17,0.35
Defending_16,V. Valdés,0.09,0.09,0.27,0,1.36,0,0.09,7.36,0.2
Defending_16,D. Blind,4.6,3.4,4.4,4.2,11.7,0,0.2,0.9,0
Defending_16,Fabio,31.5,24.5,19.5,19.5,40.5,0,4,3.5,0
Defending_16,S. Mustafi,5.6,4.3,7,1.9,13,0,1.1,0.4,0
Defending_16,P. Obiang,8.25,7.13,4.5,5.38,0,0,0.88,0,0
Defending_16,Y. Kaboul,3.8,2.1,0,3.6,0,0,0.2,0,0
Defending_16,W. Ndidi,68,40,0,39,0,0,0,0,0
Defending_16,H. Lloris,0,0,0.09,0.09,1.55,0,0,7.18,0.29
Defending_16,S. Davis,0,0,0,5.33,0,0,0.25,0,0
Defending_16,F. Coquelin,0,0,0,3.1,0,0,0,0,0
Defending_16,P. Jones,0,0,0,9.33,0,0,0,0,0
Defending_16,M. Dawson,0,0,0,9,0,0,0,0,0
Defending_16,M. Yoshida,15,10.5,23,14.5,74.5,0,1,7,0
Defending_16,E. Capoue,4.85,3.38,4.69,3.62,2.38,0,0.38,0.54,0
Defending_16,G. Johnson,10.2,7.2,8,6.6,14.4,0,0.2,2.2,0
Defending_16,J. Denayer,6.17,4.17,6,7.33,14.83,0,0.33,3.17,0
Defending_16,D. De Gea,0,0,0,0,0.62,0,0.15,6,0.21
Defending_16,J. Cork,5.36,4,5.55,3.09,4.45,0,0.64,0.73,0
Defending_16,G. Cameron,7,5.43,4.57,5.43,6.71,0,0.14,2,0
Defending_16,F. Forster,0,0,0,0,0.43,0,0.21,5.64,0.11
Defending_16,J. O'Shea,3.63,2.25,5.13,3.75,18.5,0,0.63,2.13,0
Defending_16,N. Matic,4.15,3.08,3.85,3.08,3.69,0,0.31,0.69,0
Defending_16,V. Moses,4.08,3.33,3.58,4.33,5.08,0,0.33,0.58,0
Defending_16,E. Can,6,4.27,2.91,3.73,0,0,0.55,0,0
Defending_16,D. Delaney,2.27,1.82,3.36,2.64,0,0,0.73,0,0
Defending_16,E. Jakupovic,0,0,0.2,0,0,0,0,0,0
Defending_16,G. Whelan,0,0,0,3.91,0,0,0.45,0,0
Defending_16,J. Collins,0,0,0,3.5,0,0,0.38,0,0
Defending_16,P. van Aanholt,0,0,0,3.25,0,0,0,0,0
Defending_16,M. Dembélé,0,0,0,4.43,0,0,0,0,0
Defending_16,G. Clichy,0,0,0,6,0,0,0,0,0
Defending_16,Y. Cabaye,0,0,0,4.09,0,0,0,0,0
Defending_16,A. Ogbonna,0,0,0,2.6,0,0,0,0,0
Defending_16,W. Zaha,0,0,0,3.23,0,0,0,0,0
Defending_16,T. Courtois,0,0,0,0,0.46,0,0.08,5.62,0.19
Defending_16,J. Amat,3.7,2.3,3.2,3.4,10.1,0,0.5,1.6,0
Defending_16,J. McArthur,5.25,3.92,2.33,3.25,2.08,0,0.42,0.5,0
Defending_16,J. Stones,2.36,1.91,3.73,2.82,10.09,0,0.09,1.27,0
Defending_16,R. Bertrand,4.11,2.56,5.22,7.22,7.22,0,0.33,1.11,0
Defending_16,A. Forshaw,4.77,3.31,2.77,3,2,0,0.31,0.31,0
Defending_16,M. Albrighton,5.2,4.1,3.7,6,4.2,0,0.5,0.2,0
Defending_16,J. Tomkins,2.8,1.8,3.9,2.4,12.2,0,0.4,1.4,0
Defending_16,L. Fer,4.67,3.5,2,2.92,4.17,0,0.75,0.67,0
Defending_16,R. Firmino,5,3.75,2.17,4.67,0,0,0.5,0.25,0
Defending_16,B. Oviedo,7.83,6.67,4.33,5.67,0,0,0.67,0,0
Defending_16,A. Ranocchia,28,22,22,25,0,0,2,0,0
Defending_16,D. Randolph,0,0,0.5,0,0,0,0.5,0,0
Defending_16,M. Rojo,0,0,0,4.8,0,0,1,0,0
Defending_16,J. King,0,0,0,2.15,0,0,0,0,0
Defending_16,P. Pogba,0,0,0,3.17,0,0,0,0,0
Defending_16,J. Stephens,0,0,0,32,0,0,0,0,0
Defending_16,S. Arfield,0,0,0,5.33,0,0,0,0,0
Defending_16,B. Davies,0,0,0,6.5,0,0,0,0,0
Defending_16,S. Dann,0,0,0,2.7,0,0,0,0,0
Defending_16,D. Marshall,0,0,0,0,0.38,0,0,8,0.2
Defending_16,R. Funes Mori,3.71,2.29,4.43,3.14,16.57,0,0,1.14,0
Defending_16,C. Brunt,6,4.33,5.83,8.67,12.67,0,0.83,0.67,0
Defending_16,G. Sigurdsson,3.62,2.23,2.85,4.69,2.08,0,0.15,0.15,0
Defending_16,M. Holgate,13.67,10.33,7,7.67,23.33,0,0.67,1.67,0
Defending_16,A. King,4.22,3.22,3.22,3.33,4,0,0.44,1.44,0
Defending_16,D. Gosling,3.92,3.15,2.23,2.38,1.85,0,0.46,0.31,0
Defending_16,M. Darmian,10.5,6.75,10,5,0,0,0.75,0.5,0
Defending_16,D. Fletcher,3.31,2.08,3.38,2.85,0,0,0,0,0
Defending_16,C. Eriksen,3.83,2.92,1.92,4,0,0,0,0,0
Defending_16,D. Marney,0,0,2.25,3.08,0,0,0.58,0,0
Defending_16,D. Rose,0,0,0,4.13,0,0,1,0,0
Defending_16,D. Alli,0,0,0,3.42,0,0,0.33,0,0
Defending_16,J. Schlupp,0,0,0,6.25,0,0,0,0,0
Defending_16,D. Janmaat,0,0,0,3.86,0,0,0,0,0
Defending_16,A. Lallana,0,0,0,2.67,0,0,0,0,0
Defending_16,J. McClean,0,0,0,2.82,0,0,0,0,0
Defending_16,N. Amrabat,0,0,0,3.83,0,0,0,0,0
Defending_16,P. Højbjerg,0,0,0,2,0,0,0,0,0
Defending_16,A. Masuaku,0,0,0,5.8,0,0,0,0,0
Defending_16,J. Robles,0,0,0,0,0,0,2,0,0
Defending_16,Adrián,0,0,0,0,0,0,0.09,0,0
Defending_16,T. Cleverley,5.25,3.88,3.88,3.75,3.25,0,0.5,0.75,0
Defending_16,D. Amartey,4.2,2.6,2.6,3.1,3.5,0,0.3,0.7,0
Defending_16,L. Leiva,5.29,3.43,5.29,3.57,8.71,0,0.57,0.57,0
Defending_16,G. Wijnaldum,3.62,2.46,2,1.31,0,0,0.15,0.15,0
Defending_16,A. Oxlade-Chamberlain,3.36,2.73,1.09,4.82,0,0,0.09,0.18,0
Defending_16,J. Rodwell,4.75,3.5,2.38,2.25,0,0,0.5,0,0
Defending_16,R. Klavan,6.25,4.5,3.75,4.25,0,0,0.75,0,0
Defending_16,A. Sánchez,4.15,3.15,1.92,2.38,0,0,0.46,0,0
Defending_16,S. Mignolet,0,0,0.2,0,1.2,0,0,10.4,0.34
Defending_16,M. Noble,0,0,3.82,3.18,0,0,0.91,0,0
Defending_16,H. Bellerín,0,0,3.55,3.45,0,0,0.36,0,0
Defending_16,K. De Bruyne,0,0,0,3.25,0,0,0.33,0,0
Defending_16,D. Silva,0,0,0,3.82,0,0,0.55,0,0
Defending_16,J. Manquillo,0,0,0,4.14,0,0,0.29,0,0
Defending_16,Gabriel,0,0,0,21,0,0,6,0,0
Defending_16,N. Aké,0,0,0,4,0,0,0,0,0
Defending_16,C. Cathcart,0,0,0,6.2,0,0,0,0,0
Defending_16,Y. Touré,0,0,0,10,0,0,0,0,0
Defending_16,M. Lanzini,0,0,0,2.45,0,0,0,0,0
Defending_16,P. Zabaleta,6,3.71,3.86,2.71,6.43,0,0.29,0,0
Defending_16,C. Smalling,1.71,1.29,1.86,1.71,17.14,0,0,1.29,0
Defending_16,R. Mahrez,2.77,1.77,2.31,3.77,2,0,0.31,0.15,0
Defending_16,J. Barton,43,31,21,21,0,0,4,3,0
Defending_16,Pedro,4,3,1.83,1.75,0,0,0.5,0.08,0
Defending_16,A. N'Diaye,37,35,20,20,0,0,7,0,0
Defending_16,M. Carrick,0,0,14,7,0,0,0.67,0,0
Defending_16,Bernardo,0,0,0,19,0,0,2,0,0
Defending_16,R. Snodgrass,0,0,0,1.92,0,0,0.17,0,0
Defending_16,A. Rangel,0,0,0,2,0,0,0.11,0,0
Defending_16,M. Diouf,0,0,0,2.13,0,0,0.38,0,0
Defending_16,R. Barkley,0,0,0,2.42,0,0,0,0,0
Defending_16,S. Downing,0,0,0,2.25,0,0,0,0,0
Defending_16,T. Davies,0,0,0,4.33,0,0,0,0,0
Defending_16,M. Phillips,0,0,0,4.5,0,0,0,0,0
Defending_16,M. Stekelenburg,0,0,0,0,0,0,0.17,0,0
Defending_16,V. Mannone,0,0,0.5,0,2.5,0,0,20.5,1.21
Defending_16,B. Guzan,0,0,0.5,0,1.5,0,0,18.5,1.09
Defending_16,H. Nordtveit,3.17,2.5,4.17,4,0,0,0.33,1.17,0
Defending_16,M. Schneiderlin,8.67,6.33,10.67,5.33,0,0,0.67,1.33,0
Defending_16,L. Milivojevic,29,17,39,15,0,0,4,5,0
Defending_16,Coutinho,2.69,1.77,1.38,2.77,0,0,0.15,0,0
Defending_16,T. Walcott,0,0,1.08,1.17,0,0,0.08,0,0
Defending_16,N. Taylor,0,0,5.8,4.4,0,0,0.2,0,0
Defending_16,A. Mariappa,0,0,15,12,0,0,0,0,0
Defending_16,T. Carroll,0,0,0,17,0,0,1,0,0
Defending_16,B. Sagna,0,0,0,1.83,0,0,0.33,0,0
Defending_16,A. Traoré,0,0,0,2.13,0,0,0.13,0,0
Defending_16,C. Stuani,0,0,0,2.11,0,0,0.44,0,0
Defending_16,D. Meyler,0,0,0,1.33,0,0,0.17,0,0
Defending_16,S. Okazaki,0,0,0,2.2,0,0,0.1,0,0
Defending_16,C. Fàbregas,0,0,0,7.75,0,0,2,0,0
Defending_16,J. Morrison,0,0,0,2.89,0,0,0,0,0
Defending_16,J. Wilshere,0,0,0,2,0,0,0,0,0
Defending_16,J. Ward-Prowse,0,0,0,2,0,0,0,0,0
Defending_16,N. Chadli,0,0,0,2.38,0,0,0,0,0
Defending_16,L. Sané,0,0,0,4.67,0,0,0,0,0
Defending_16,C. Bravo,0,0,0,0,0.7,0,0,3.3,0.12
Defending_16,J. Tarkowski,4.75,3.5,2.75,3,0,0,0.25,1.75,0
Defending_16,K. Sung-yueng,2.27,1.64,1.91,2.55,0,0,0.27,0.27,0
Defending_16,W. Caballero,0.33,0.33,0,0,0,0,0,10.33,0.65
Defending_16,J. Fulton,10.67,7,2.33,4.33,0,0,0.67,1.33,0
Defending_16,D. Love,0,0,3.2,4.2,0,0,0.2,0,0
Defending_16,B. Chilwell,0,0,23,20,0,0,2,0,0
Defending_16,S. Defour,0,0,3.78,2.67,0,0,0.11,0,0
Defending_16,J. Ledley,0,0,3,1.2,0,0,0.1,0,0
Defending_16,Á. Negredo,0,0,0.77,1.54,0,0,0.38,0,0
Defending_16,Y. Benalouane,0,0,0,8,0,0,4,0,0
Defending_16,T. Deeney,0,0,0,2.67,0,0,0.58,0,0
Defending_16,M. Muniesa,0,0,0,5.5,0,0,1,0,0
Defending_16,D. Ayala,0,0,0,2.33,0,0,0.5,0,0
Defending_16,S. Boufal,0,0,0,4,0,0,1,0,0
Defending_16,J. Gudmundsson,0,0,0,1.33,0,0,0.08,0,0
Defending_16,F. Borini,0,0,0,14,0,0,2.5,0,0
Defending_16,L. Britton,0,0,0,2.33,0,0,0,0,0
Defending_16,C. Adam,0,0,0,2.57,0,0,0,0,0
Defending_16,H. Mkhitaryan,0,0,0,6.2,0,0,0,0,0
Defending_16,M. van der Hoorn,0,0,0,2.6,0,0,0,0,0
Defending_16,C. Kabasele,0,0,0,4.75,0,0,0,0,0
Defending_16,A. Diomande,2.5,1.9,0.7,2.4,0,0,0.1,0.2,0
Defending_16,E. Fernandes,3.83,2.67,3.17,5,0,0,0.67,0.33,0
Defending_16,F. Llorente,0,0,0.2,2,0,0,0.2,0.4,0
Defending_16,M. Olsson,0,0,10,27,0,0,2,0,0
Defending_16,D. Tadic,0,0,1.55,4.36,0,0,0.36,0,0
Defending_16,J. Zuñiga,0,0,2.2,1.5,0,0,0.1,0,0
Defending_16,A. Iwobi,0,0,0.89,2.89,0,0,0.11,0,0
Defending_16,M. Özil,0,0,0,1.42,0,0,0.17,0,0
Defending_16,W. Routledge,0,0,0,1.55,0,0,0.09,0,0
Defending_16,J. Navas,0,0,0,2.5,0,0,0.25,0,0
Defending_16,A. Guédioura,0,0,0,1.83,0,0,0.33,0,0
Defending_16,R. Holding,0,0,0,6.33,0,0,1,0,0
Defending_16,S. Rondón,0,0,0,1.38,0,0,0.15,0,0
Defending_16,A. Young,0,0,0,3.75,0,0,0.5,0,0
Defending_16,A. Doucouré,0,0,0,18,0,0,0,0,0
Defending_16,S. McQueen,0,0,0,2.2,0,0,0,0,0
Defending_16,R. Brady,0,0,0,19,0,0,0,0,0
Defending_16,S. Vokes,0,0,0,1.77,0,0,0,0,0
Defending_16,T. Mings,10,10,5,10,0,0,0,5,0
Defending_16,M. Pugh,22,13,12,9,0,0,1,2,0
Defending_16,E. Hazard,1.54,1.08,2.15,2.23,0,0,0.23,0,0
Defending_16,S. Kingsley,0,0,1.29,2.86,0,0,0,0.57,0
Defending_16,M. Barrow,0,0,0.46,1.31,0,0,0.08,0,0
Defending_16,R. Sobhi,0,0,2,3.5,0,0,0.5,0.25,0
Defending_16,Fernando,0,0,2.29,1.29,0,0,0.43,0,0
Defending_16,H. Kane,0,0,0,2.88,0,0,0.38,0,0
Defending_16,K. Trippier,0,0,0,9,0,0,0.5,0,0
Defending_16,J. Flanagan,0,0,0,1.33,0,0,0.67,0,0
Defending_16,A. Ramsey,0,0,0,4,0,0,0.6,0,0
Defending_16,J. Mata,0,0,0,1.55,0,0,0.27,0,0
Defending_16,V. Kompany,0,0,0,1.67,0,0,1.67,0,0
Defending_16,J. Stanislas,0,0,0,1.67,0,0,0.11,0,0
Defending_16,A. Martial,0,0,0,2.63,0,0,0.25,0,0
Defending_16,K. Mirallas,0,0,0,1.77,0,0,0.15,0,0
Defending_16,S. Mané,0,0,0,1.64,0,0,0.36,0,0
Defending_16,R. Sterling,0,0,0,1.5,0,0,0.58,0,0
Defending_16,J. Lingard,0,0,0,2.86,0,0,0,0,0
Defending_16,S. Mandanda,0,0,0,0,0,0,0,2.67,0.16
Defending_16,D. Gray,2.38,1.63,1,2.38,0,0,0.25,0.13,0
Defending_16,D. Watmore,1.08,0.85,0.62,1.77,0,0,0.08,0.15,0
Defending_16,E. Valencia,2,1.63,1.63,1.75,0,0,0.13,0.13,0
Defending_16,L. Karius,0,0,0.11,0,0.22,0,0,2.33,0.17
Defending_16,B. Ivanovic,0,0,1.33,1,0,0,0.22,0.22,0
Defending_16,J. McCarthy,0,0,2.75,4.5,0,0,0.5,0.75,0
Defending_16,J. Defoe,0,0,0.23,1.62,0,0,0.08,0.15,0
Defending_16,L. Cattermole,0,0,10,7.5,0,0,2,3,0
Defending_16,R. Fraser,0,0,0,4,0,0,0.5,0.17,0
Defending_16,D. Costa,0,0,0,1.62,0,0,0.77,0.23,0
Defending_16,W. Rooney,0,0,0,1.75,0,0,0.67,0,0
Defending_16,S. Heung-Min,0,0,0,1.8,0,0,0.2,0,0
Defending_16,S. Long,0,0,0,1.89,0,0,0.22,0,0
Defending_16,J. Walters,0,0,0,1.55,0,0,0.09,0,0
Defending_16,A. Ayew,0,0,0,2.2,0,0,0.2,0,0
Defending_16,J. Clasie,0,0,0,1.75,0,0,0.38,0,0
Defending_16,O. Giroud,0,0,0,1.57,0,0,0.29,0,0
Defending_16,J. Olsson,0,0,0,2.75,0,0,0,0,0
Defending_16,R. Zieler,0,0,0,0,0,0,0,3,0.2
Defending_16,C. Martina,1.83,1.5,2.5,2.17,0,0,0,0.17,0
Defending_16,S. Given,0,0,0,0,0,0,0.2,3.8,0.29
Defending_16,M. Elneny,2.75,1.63,1,0.5,0,0,0.13,0,0
Defending_16,A. Lennon,0,0,0.8,2.4,0,0,0,0.2,0
Defending_16,M. Sakho,0,0,14,6,0,0,0,3,0
Defending_16,L. Markovic,0,0,14,19,0,0,4,0,0
Defending_16,L. Shaw,0,0,1.71,1.86,0,0,0.14,0.14,0
Defending_16,R. Mason,0,0,0,1.2,0,0,0.4,0.4,0
Defending_16,D. Origi,0,0,0,1.27,0,0,0,0.18,0
Defending_16,Y. Bolasie,0,0,0,0.77,0,0,0.23,0.15,0
Defending_16,M. Henriksen,0,0,0,1.83,0,0,0.17,0.5,0
Defending_16,J. Kirchhoff,0,0,0,2.5,0,0,0.25,0.25,0
Defending_16,D. Gibson,0,0,0,8,0,0,4,2,0
Defending_16,Evandro,0,0,0,9,0,0,1,0,0
Defending_16,V. Anichebe,0,0,0,2.6,0,0,0.4,0,0
Defending_16,K. Gibbs,0,0,0,3,0,0,0.75,0,0
Defending_16,G. Leadbitter,0,0,0,8,0,0,0.5,0,0
Defending_16,M. Rashford,0,0,0,1.2,0,0,0.3,0,0
Defending_16,J. Ibe,0,0,0,0.62,0,0,0,0,0
Defending_16,V. Janssen,0,0,0,0.92,0,0,0,0,0
Defending_16,I. Success,0,0,0,0,0,0,0.33,0,0
Defending_16,C. Austin,0,0,0,0,0,0,0.08,0,0
Defending_16,Willian,0,0,0,0,0,0,0.33,0,0
Defending_16,I. Slimani,0,0,0,0,0,0,0.14,0,0
Defending_16,J. Butland,0,0,0,0,0,0,0,17,2.13
Defending_16,L. Chung-Yong,0,0,0.4,0.7,0,0,0,0,0
Defending_16,O. Elabdellaoui,0,0,9,8,0,0,0,1,0
Defending_16,E. Lamela,0,0,0.56,2.11,0,0,0.11,0,0
Defending_16,M. Sissoko,0,0,0,1.33,0,0,0.5,0.17,0
Defending_16,B. Afobe,0,0,0,0.7,0,0,0.1,0.2,0
Defending_16,A. Musa,0,0,0,1,0,0,0.1,0,0
Defending_16,H. Winks,0,0,0,2.5,0,0,0.17,0.33,0
Defending_16,R. Lukaku,0,0,0,0.92,0,0,0.25,0.33,0
Defending_16,J. Ayew,0,0,0,9,0,0,1,0,0
Defending_16,I. Gündogan,0,0,0,1.43,0,0,0,0,0
Defending_16,L. Cook,0,0,0,9,0,0,1,3,0
Defending_16,G. Imbula,0,0,0,1.2,0,0,0.2,0,0
Defending_16,M. Niang,0,0,0,16,0,0,2,1,0
Defending_16,M. Targett,0,0,0,1.5,0,0,0,0,0
Defending_16,A. Carroll,0,0,0,6,0,0,3,2,0
Defending_16,J. Tymon,0,0,0,0,0,0,0.5,0.5,0
Defending_16,D. Payet,0,0,0,0,0,0,0.18,0,0
Defending_16,A. Moreno,0,0,0,0,0,0,0.25,0,0
Defending_16,P. Crouch,0,0,0,0,0,0,0.43,0.57,0
Defending_16,A. Westwood,0,0,0,0,0,0,3,0,0
Defending_16,L. Gooch,0,0,0,0,0,0,0.33,0,0
Defending_16,O. Ighalo,0,0,0,0,0,0,0.1,0,0
Defending_16,S. Cazorla,0,0,0,0,0,0,0.25,0,0
Defending_16,J. Rodriguez,0,0,0,0,0,0,0,0.17,0
Defending_16,P. McNair,0,0,0,0,0,0,0,0.22,0
Defending_16,K. Long,0,0,0,0,0,0,0,4,0
Defending_16,L. Ulloa,1.71,1.14,0.43,1,0,0,0,0,0
Defending_16,C. Wilson,0,0,0,0.77,0,0,0,0.23,0
Defending_16,D. Welbeck,0,0,0,9,0,0,0,1,0
Defending_16,A. Tuanzebe,0,0,0,8,0,0,0,0,0
Defending_16,B. Galloway,0,0,0,2,0,0,0,0.33,0
Defending_16,K. Zouma,0,0,0,2,0,0,0,1,0
Defending_16,C. Benteke,0,0,0,1.33,0,0,0.92,0.08,0
Defending_16,S. Berahino,0,0,0,0,0,0,0.25,0.25,0
Defending_16,G. Honeyman,0,0,0,0,0,0,1,0,0
Defending_16,S. Okaka,0,0,0,0,0,0,1.67,0.33,0
Defending_16,L. Hernández,0,0,0,0,0,0,0.33,0,0
Defending_16,X. Shaqiri,0,0,0,0,0,0,0.25,0,0
Defending_16,Z. Ibrahimovic,0,0,0,0,0,0,0.58,0.08,0
Defending_16,K. Grosicki,0,0,0,0,0,0,1,0,0
Defending_16,A. Gray,0,0,0,0,0,0,0.29,0.14,0
Defending_16,M. Wilson,0,0,0,0,0,0,3,3,0
Defending_16,D. Calvert-Lewin,0,0,0,0,0,0,1,1,0
Defending_16,Bojan,0,0,0,0,0,0,0.14,0.14,0
Defending_16,J. Terry,0,0,0,0,0,0,0.2,0,0
Defending_16,Á. Arbeloa,0,0,0,0,0,0,1.5,0,0
Defending_16,B. Smith,0,0,0,0,0,0,1,0,0
Defending_16,P. Bamford,0,0,0,0,0,0,0.25,0,0
Defending_16,F. Delph,0,0,0,0,0,0,0.5,0,0
Defending_16,M. Vorm,0,0,0,0,0,0,0,2.33,1.17
Defending_16,P. Robinson,0,0,0,0,0,0,0,10,1.43
Defending_16,P. Souaré,0,0,0,0,0,0,0,0.67,0
Defending_16,S. Romero,0,0,0,0,0,0,0,10,0
Defending_16,S. Maloney,0,0,0,0,0,0,0,0.2,0
Defending_17,C. Schindler,2.24,1.65,2.03,1.73,7.43,0.03,0.19,0.81,0
Defending_17,L. Dunk,1.74,0.87,1.84,2.11,6.05,0,0.18,1.53,0
Defending_17,S. Duffy,0.84,0.51,1.35,1.92,8.95,0,0.22,1.59,0
Defending_17,A. Hegazi,1.53,1,1.58,1.66,7.32,0,0.11,0.97,0
Defending_17,J. Butland,0.03,0.03,0.03,0.03,0.74,0,0,4.14,0.07
Defending_17,W. Ndidi,4.18,2.7,1.52,2.3,3.12,0.06,0.24,0.3,0
Defending_17,K. Naughton,2.71,1.76,1.76,3,4.24,0,0.03,0.38,0
Defending_17,P. Zabaleta,2.59,1.81,1.65,2.7,4.11,0,0.24,0.35,0
Defending_17,C. Azpilicueta,2.16,1.59,1.46,1.73,3.65,0,0.03,0.59,0
Defending_17,J. Tarkowski,1.48,0.84,1.58,1.9,7.29,0,0.16,1.39,0
Defending_17,I. Gueye,3.66,2.91,1.94,2.03,1.5,0.03,0.22,0.28,0
Defending_17,S. Cook,1.09,0.56,1.59,2.09,6.68,0,0.15,1.35,0
Defending_17,K. Zouma,1.47,1.12,1.79,1.65,7.21,0,0.03,0.65,0
Defending_17,Zanka,1.45,0.95,2,1.5,6.55,0,0.16,0.53,0
Defending_17,E. Pieters,2.29,1.52,1.94,2.94,4.1,0,0.16,0.81,0
Defending_17,N. Aké,1.39,0.84,1.29,1.68,6.45,0,0.13,0.63,0
Defending_17,M. Ryan,0,0,0.08,0,0.26,0,0,3.29,0.07
Defending_17,J. Pickford,0,0,0.05,0,0.68,0,0,3.21,0.05
Defending_17,H. Maguire,1.66,1.21,1.26,1.05,4.76,0,0.18,0.74,0
Defending_17,D. Stephens,2.86,1.69,1.75,1.53,0,0,0.17,0,0
Defending_17,O. Romeu,0,0,0,1.88,0,0,0.32,0,0
Defending_17,N. Kanté,0,0,0,1.26,0,0,0.09,0,0
Defending_17,L. Fabianski,0,0,0,0,0.26,0,0,3.74,0.07
Defending_17,J. Hogg,0,0,0,0,0,0.03,0,0,0
Defending_17,S. Francis,0,0,0,0,0,0.03,0,0,0
Defending_17,D. Pröpper,0,0,0,0,0,0.03,0,0,0
Defending_17,J. Ayew,0,0,0,0,0,0.03,0,0,0
Defending_17,A. Williams,0,0,0,0,0,0.04,0,0,0
Defending_17,D. Sánchez,0,0,0,0,0,0.03,0,0,0
Defending_17,M. Schneiderlin,0,0,0,0,0,0.03,0,0,0
Defending_17,M. Yoshida,0,0,0,0,0,0.04,0,0,0
Defending_17,G. Cahill,0,0,0,0,0,0.04,0,0,0
Defending_17,T. Bakayoko,0,0,0,0,0,0.03,0,0,0
Defending_17,J. Stephens,0,0,0,0,0,0.05,0,0,0
Defending_17,C. Fàbregas,0,0,0,0,0,0.03,0,0,0
Defending_17,K. Walker,0,0,0,0,0,0.03,0,0,0
Defending_17,M. Albrighton,0,0,0,0,0,0.03,0,0,0
Defending_17,B. Chilwell,0,0,0,0,0,0.04,0,0,0
Defending_17,S. Aurier,0,0,0,0,0,0.06,0,0,0
Defending_17,J. Shelvey,0,0,0,0,0,0.07,0,0,0
Defending_17,B. Mee,0,0,0,0,0,0,0.17,0,0
Defending_17,D. De Gea,0,0,0,0.03,0.24,0,0,3.14,0.12
Defending_17,N. Pope,0,0,0,0,0.6,0,0.09,3.34,0.1
Defending_17,A. Mawson,0.84,0.58,0.92,1.26,6.03,0,0.08,0.84,0
Defending_17,A. Begovic,0,0,0.05,0,0.42,0,0.05,2.97,0.05
Defending_17,M. Keane,1.1,0.83,1.77,1.57,7.13,0,0.1,0.93,0
Defending_17,W. Hoedt,2.14,1.82,1.43,1.32,6.32,0,0.25,0.61,0
Defending_17,S. Mustafi,2.37,1.7,2.11,1,6.48,0,0.22,0.56,0
Defending_17,J. Allen,2.67,1.72,1.61,1.58,1.89,0,0.22,0.25,0
Defending_17,J. Vertonghen,1.78,1.14,1.67,1,4.94,0,0.11,0.31,0
Defending_17,L. Milivojevic,2.36,1.44,1.97,1.58,2.25,0,0.22,0.33,0
Defending_17,F. Fernández,1.33,0.97,1.27,1.27,6.7,0,0.17,0.9,0
Defending_17,A. Ogbonna,0.94,0.75,1.81,1.44,6.16,0,0.09,0.84,0
Defending_17,J. Lössl,0.03,0,0.11,0,0.34,0,0.03,2.74,0.05
Defending_17,R. Shawcross,1.33,0.74,1.48,1.56,8.3,0,0.07,0.85,0
Defending_17,C. Smalling,1.38,0.86,2.17,1.21,5.59,0,0.14,0.97,0
Defending_17,M. Lowton,2.12,1.31,1.5,2.46,0,0,0.04,0,0
Defending_17,A. Mooy,0,0,1.06,1.19,0,0,0.11,0,0
Defending_17,C. Kabasele,0,0,0,1.75,0,0,0.18,0,0
Defending_17,M. Diamé,0,0,0,1.48,0,0,0,0,0
Defending_17,J. Lascelles,0,0,0,1.06,0,0,0,0,0
Defending_17,T. Cleverley,0,0,0,0,0,0.04,0,0,0
Defending_17,A. Knockaert,0,0,0,0,0,0.03,0,0,0
Defending_17,R. van La Parra,0,0,0,0,0,0.03,0,0,0
Defending_17,P. Pogba,0,0,0,0,0,0.04,0,0,0
Defending_17,D. Luiz,0,0,0,0,0,0.1,0,0,0
Defending_17,M. Arnautovic,0,0,0,0,0,0.03,0,0,0
Defending_17,M. Zeegelaar,0,0,0,0,0,0.08,0,0,0
Defending_17,S. Mané,0,0,0,0,0,0.03,0,0,0
Defending_17,M. Britos,0,0,0,0,0,0.1,0,0,0
Defending_17,R. Sterling,0,0,0,0,0,0.03,0,0,0
Defending_17,T. Deeney,0,0,0,0,0,0.03,0,0,0
Defending_17,D. Amartey,0,0,0,0,0,0.13,0,0,0
Defending_17,M. Elneny,0,0,0,0,0,0.08,0,0,0
Defending_17,C. Adam,0,0,0,0,0,0.1,0,0,0
Defending_17,K. Mavropanos,0,0,0,0,0,0.33,0,0,0
Defending_17,H. Robson-Kanu,0,0,0,0,0,0.05,0,0,0
Defending_17,A. Carroll,0,0,0,0,0,0.06,0,0,0
Defending_17,B. Foster,0,0,0,0,0,0,0.05,0,0
Defending_17,C. Dawson,1.36,1,1.86,1.68,5,0,0.21,0.93,0
Defending_17,P. Cech,0.03,0.03,0,0,0.71,0,0.03,2.74,0.06
Defending_17,H. Lloris,0.03,0.03,0.06,0,0.94,0,0.03,2.5,0.06
Defending_17,J. Tomkins,1.68,0.93,2.25,0.93,7.68,0,0.29,0.43,0
Defending_17,N. Matic,1.94,1.17,1.78,1.56,1.72,0,0.17,0.36,0
Defending_17,W. Morgan,1.09,0.78,0.97,1.38,4.56,0,0.13,0.84,0
Defending_17,K. Schmeichel,0.03,0,0,0.03,0.55,0,0.09,2.82,0.06
Defending_17,A. Doucouré,2.14,1.41,1.46,1.32,1.65,0,0.27,0.27,0
Defending_17,P. Jagielka,1.38,0.96,1.63,1.33,7.46,0,0.08,0.83,0
Defending_17,E. Dier,1.79,1.26,1.38,1.26,2.71,0,0.12,0.32,0
Defending_17,G. Xhaka,2.05,1.5,0.97,0.89,1.79,0,0.26,0.24,0
Defending_17,J. Cork,1.55,1.16,1.05,1.08,0,0,0.18,0,0
Defending_17,N. Otamendi,1.71,1.26,1.41,0.82,0,0,0.26,0,0
Defending_17,W. Hennessey,0,0,0.07,0.04,0.19,0,0.04,3.37,0.09
Defending_17,D. Simpson,0,0,1.21,2.46,0,0,0.14,0,0
Defending_17,C. Kouyaté,0,0,0.97,1.15,0,0,0.15,0,0
Defending_17,C. Martina,0,0,2,1.43,0,0,0.05,0,0
Defending_17,S. Ward,0,0,0,1.82,0,0,0,0,0
Defending_17,D. Yedlin,0,0,0,1.68,0,0,0,0,0
Defending_17,A. Mariappa,0,0,0,1.07,0,0,0,0,0
Defending_17,H. Bellerín,0,0,0,1.69,0,0,0,0,0
Defending_17,C. Soares,1.69,1.06,0.75,1.84,3.41,0,0.09,0.25,0
Defending_17,L. Koscielny,1.68,0.8,2.2,1.28,5.52,0,0.16,0.6,0
Defending_17,C. Daniels,1.34,0.94,0.89,1.57,3.29,0,0,0.17,0
Defending_17,F. Lejeune,1.38,0.88,1.88,1.25,6.38,0,0.13,0.63,0
Defending_17,Y. Cabaye,2.26,1.42,2.55,1.55,0.94,0,0.23,0.13,0
Defending_17,A. Nyom,2.17,1.31,0.93,1.1,3.21,0,0.24,0.34,0
Defending_17,T. Courtois,0,0,0,0,0.23,0,0.06,2.26,0.07
Defending_17,N. Monreal,1.93,1.14,2,1.29,2.96,0,0.11,0.29,0
Defending_17,K. Gibbs,1.24,0.73,1.45,1.58,0,0,0.09,0,0
Defending_17,J. Livermore,2.18,1.24,0.79,1.58,0,0,0.15,0,0
Defending_17,A. Valencia,0,0,1.55,2.16,0,0,0.23,0,0
Defending_17,V. van Dijk,0,0,1.81,1,0,0,0.04,0,0
Defending_17,R. Bertrand,0,0,1.23,1.2,0,0,0.06,0,0
Defending_17,J. Gomez,0,0,1.48,1.22,0,0,0.13,0,0
Defending_17,A. Cresswell,0,0,0,1.36,0,0,0,0,0
Defending_17,J. Schlupp,0,0,0,1.96,0,0,0,0,0
Defending_17,P. Jones,0,0,0,1.26,0,0,0,0,0
Defending_17,A. Smith,0,0,0,2.33,0,0,0,0,0
Defending_17,Fernandinho,1.82,1.03,1.38,1.21,2,0,0.21,0.18,0
Defending_17,E. Can,2.58,2.08,1.08,1.42,1.42,0,0.31,0.15,0
Defending_17,M. van der Hoorn,1.33,0.92,1.63,1.17,5.29,0,0.17,0.58,0
Defending_17,A. Young,1.83,1.1,1.97,1.31,2.97,0,0.24,0.17,0
Defending_17,K. Long,2,1.44,1.19,1.69,8.06,0,0.06,0.88,0
Defending_17,D. Lovren,0.93,0.61,1.36,1.07,5.21,0,0.14,0.54,0
Defending_17,M. Alonso,1.55,1,1.42,1.58,2.3,0,0.18,0.15,0
Defending_17,Adrián,0.11,0.05,0,0.05,0.79,0,0.11,3.63,0.13
Defending_17,L. Cook,2.39,1.25,1.21,1.32,0.89,0,0.18,0.43,0
Defending_17,J. Matip,1.46,1,1.46,1.29,4.21,0,0.13,0.63,0
Defending_17,P. Obiang,2.52,1.62,1.14,2.14,0,0,0.14,0,0
Defending_17,J. Kenny,0,0,1.47,2.05,0,0,0.11,0,0
Defending_17,M. Noble,0,0,1.62,1.31,0,0,0.21,0,0
Defending_17,Richarlison,0,0,0.65,1.11,0,0,0.11,0,0
Defending_17,J. Holebas,0,0,1.04,1.36,0,0,0,0,0
Defending_17,A. Rüdiger,0,0,0,1.56,0,0,0,0,0
Defending_17,J. McArthur,0,0,0,1.44,0,0,0,0,0
Defending_17,C. Fuchs,0,0,0,1.56,0,0,0,0,0
Defending_17,R. Firmino,1.76,1.35,0.49,1.11,0.27,0,0.03,0.05,0
Defending_17,J. Evans,1.04,0.79,1.68,0.93,4.68,0,0.25,0.43,0
Defending_17,A. Christensen,0.96,0.48,1.41,1.07,4.04,0,0,0.63,0
Defending_17,M. Merino,2.43,1.74,1.48,1.7,1.09,0,0.17,0.35,0
Defending_17,G. Bong,1.56,1.28,1.6,1.36,3.24,0,0.08,0.24,0
Defending_17,T. Fosu-Mensah,2.1,1.65,1.55,1.25,3.7,0,0.1,0.45,0
Defending_17,M. Lemina,2.2,1.6,1.48,0.84,0,0,0.08,0,0
Defending_17,J. Ward,1.84,1.58,1.47,2.21,0,0,0.21,0,0
Defending_17,S. March,0,0,0.38,1.38,0,0,0.09,0,0
Defending_17,J. Milner,0,0,0.68,1.1,0,0,0.1,0,0
Defending_17,C. Löwe,0,0,1.48,1.35,0,0,0.04,0,0
Defending_17,D. Rice,0,0,1.08,1.04,0,0,0.04,0,0
Defending_17,P. Dummett,0,0,1.15,2.1,0,0,0.05,0,0
Defending_17,B. Davies,0,0,0,1.1,0,0,0,0,0
Defending_17,A. Townsend,0,0,0,1.56,0,0,0,0,0
Defending_17,K. Trippier,0,0,0,1.7,0,0,0,0,0
Defending_17,F. Forster,0,0,0,0,0.35,0,0,3.4,0.11
Defending_17,H. Gomes,0,0,0.08,0.04,0.63,0,0,2.54,0.06
Defending_17,K. De Bruyne,1.62,1.11,0.68,1.27,0.38,0,0.05,0.05,0
Defending_17,M. Ritchie,1.31,0.91,1,1.34,1.8,0,0.17,0.14,0
Defending_17,P. van Aanholt,1.68,1.11,1.68,1.14,2.29,0,0.25,0.18,0
Defending_17,Ederson,0.03,0.03,0,0.03,0.42,0,0.03,1.61,0.06
Defending_17,T. Carroll,1.43,0.89,0.78,1.08,0.49,0,0.08,0.22,0
Defending_17,C. Clark,1.25,0.85,0.95,0.95,7.1,0,0.15,0.5,0
Defending_17,D. Janmaat,2.09,1.41,1.5,1.09,2.77,0,0.14,0.23,0
Defending_17,S. Kolasinac,1.81,1.37,0.96,0.67,2.07,0,0.11,0.11,0
Defending_17,A. Masuaku,2.15,1.37,0.96,1.11,0,0,0.19,0,0
Defending_17,J. Henderson,1.89,1.22,1.15,1.48,0,0,0.04,0,0
Defending_17,G. Cameron,0,0,1.95,1.84,0,0,0.11,0,0
Defending_17,Ander,0,0,1.35,1.35,0,0,0.19,0,0
Defending_17,Bruno,0,0,1.58,1.38,0,0,0.13,0,0
Defending_17,G. Sigurdsson,0,0,1.26,1.59,0,0,0.07,0,0
Defending_17,M. Diouf,0,0,0.4,0.8,0,0,0.17,0,0
Defending_17,C. Eriksen,0,0,0,1.14,0,0,0,0,0
Defending_17,T. Smith,1.58,1.13,1.08,1.25,3.33,0,0.29,0.25,0
Defending_17,K. Wimmer,1.41,1,1.76,2.06,5.18,0,0.29,0.71,0
Defending_17,M. Sakho,1.11,0.74,1.58,1.11,5.32,0,0.05,0.58,0
Defending_17,D. Gosling,1.79,0.89,0.89,1.64,1.25,0,0.29,0.29,0
Defending_17,J. Hart,0.05,0.05,0,0.05,0.11,0,0,2.79,0.07
Defending_17,F. Delph,2.09,1.55,1.36,1.05,1.91,0,0.09,0,0
Defending_17,M. Olsson,0.94,0.72,0.86,0.97,2.25,0,0.19,0.11,0
Defending_17,T. Kongolo,2.54,1.54,2.46,1.46,5.46,0,0,0.46,0
Defending_17,J. Manquillo,1.8,1.05,0.9,2.05,3.2,0,0.1,0.3,0
Defending_17,E. Choupo-Moting,1.45,1.03,0.79,1.24,0,0,0.1,0.14,0
Defending_17,D. Tadic,1.28,0.81,0.53,1.39,0,0,0.11,0,0
Defending_17,Danilo,0,0,0.86,0.91,0,0,0.09,0,0
Defending_17,B. Ndiaye,0,0,1,1.69,0,0,0.38,0,0
Defending_17,J. Gudmundsson,0,0,0.97,0.89,0,0,0.06,0,0
Defending_17,D. Fletcher,0,0,0.96,0.56,0,0,0,0,0
Defending_17,G. Krychowiak,0,0,1.67,0.85,0,0,0.07,0,0
Defending_17,S. Prödl,0,0,1.48,1.1,0,0,0.24,0,0
Defending_17,D. Alli,0,0,0.53,1.03,0,0,0.19,0,0
Defending_17,T. Alexander-Arnold,0,0,0,1.42,0,0,0.16,0,0
Defending_17,E. Capoue,0,0,0,0,0,0,0.13,0,0
Defending_17,V. Moses,0,0,0,0,0,0,0.11,0,0
Defending_17,A. Lennon,1.28,0.83,0.66,1.52,0.93,0,0.07,0.21,0
Defending_17,P. Højbjerg,1.96,1.22,1.61,1.39,1.13,0,0.26,0.13,0
Defending_17,S. Defour,1.38,0.92,1.92,1.75,1.04,0,0.25,0.29,0
Defending_17,C. Brunt,1.71,1,0.88,1.42,1.92,0,0.21,0.17,0
Defending_17,W. Reid,0.65,0.53,1.29,1.76,6.12,0,0.29,0.82,0
Defending_17,M. Holgate,1.53,1.07,1.53,1.07,5.73,0,0.2,0.6,0
Defending_17,S. Clucas,1.21,0.68,1.04,1.25,1.21,0,0.07,0.25,0
Defending_17,V. Iborra,1.21,0.95,1,1.32,0,0,0,0.58,0
Defending_17,S. Malone,1.86,1.38,1.24,0.81,0,0,0.14,0.1,0
Defending_17,J. Collins,1.15,0.69,1.23,1.15,0,0,0.23,0,0
Defending_17,G. Barry,0,0,0.6,0.88,0,0,0.16,0,0
Defending_17,K. Femenía,0,0,1.55,0.73,0,0,0.09,0,0
Defending_17,I. Hayden,0,0,0.88,0.92,0,0,0.27,0,0
Defending_17,L. Fer,0,0,0.6,0.95,0,0,0.25,0,0
Defending_17,A. Moreno,0,0,0.75,1.5,0,0,0.06,0,0
Defending_17,M. Indi,0,0,1.24,1,0,0,0.18,0,0
Defending_17,A. Wan-Bissaka,0,0,2.14,4.29,0,0,0.14,0,0
Defending_17,A. Oxlade-Chamberlain,0,0,0,0,0,0,0.09,0,0
Defending_17,A. Surman,0,0,0,0,0,0,0.08,0,0
Defending_17,P. Groß,0,0,0,0,0,0,0.05,0,0
Defending_17,R. Elliot,0,0,0,0,0.5,0,0,2.75,0.14
Defending_17,R. Mahrez,1.08,0.75,0.5,1.06,0.42,0,0.06,0.03,0
Defending_17,A. Robertson,1.41,0.77,1.18,1.32,2.55,0,0.09,0.09,0
Defending_17,S. Dann,0.59,0.29,1.35,1.06,5.76,0,0.24,0.82,0
Defending_17,A. Pérez,1.11,0.6,0.71,1.11,0.8,0,0.09,0.03,0
Defending_17,M. Kelly,1.27,0.87,0.6,1.33,4.47,0,0.07,0.73,0
Defending_17,L. Baines,1.14,0.59,1.14,1.23,0,0,0.05,0.27,0
Defending_17,J. Rodriguez,0.86,0.58,0.53,1.03,0,0,0.06,0,0
Defending_17,A. McCarthy,0,0,0.06,0,0,0,0.11,2.39,0.09
Defending_17,F. Hadergjonaj,0,0,0.77,1.32,0,0,0.14,0,0
Defending_17,J. McClean,0,0,0.63,0.83,0,0,0.23,0,0
Defending_17,Nilsson-Lindelöf,0,0,0.76,1.06,0,0,0.06,0,0
Defending_17,S. Davis,0,0,0.65,1,0,0,0,0,0
Defending_17,P. Bardsley,0,0,1.77,2.46,0,0,0.38,0,0
Defending_17,C. Yacob,0,0,1,0.88,0,0,0.31,0,0
Defending_17,A. Ramsey,0,0,0,0.58,0,0,0,0,0
Defending_17,W. Rooney,0,0,0,1.03,0,0,0.16,0,0
Defending_17,G. Wijnaldum,0,0,0,0,0,0,0.03,0,0
Defending_17,S. Arfield,0,0,0,0,0,0,0.17,0,0
Defending_17,M. Phillips,0,0,0,0,0,0,0.1,0,0
Defending_17,R. Klavan,0.74,0.53,0.79,0.74,4.47,0,0,0.26,0
Defending_17,C. Chambers,1.42,0.83,1.5,1.42,3.92,0,0.08,0.92,0
Defending_17,T. Ince,1.06,0.82,0.36,0.64,0,0,0,0,0
Defending_17,R. Holding,1.58,1.17,1.75,1.42,0,0,0.25,0.83,0
Defending_17,H. Mkhitaryan,1.27,0.92,0.58,1.12,0,0,0.08,0.08,0
Defending_17,M. Suttner,1.85,1.15,1,2.08,0,0,0,0,0
Defending_17,J. King,1.09,0.79,0.12,0.7,0,0,0.09,0,0
Defending_17,S. Coleman,0,0,0.83,1.83,0,0,0,0,0
Defending_17,O. Karnezis,0,0,0.07,0,0,0,0,0,0
Defending_17,R. Brady,0,0,0.6,1.33,0,0,0.2,0,0
Defending_17,M. Dembélé,0,0,1.18,0.82,0,0,0.21,0,0
Defending_17,D. Silva,0,0,0.62,1,0,0,0.17,0,0
Defending_17,C. Atsu,0,0,0.44,1.59,0,0,0.04,0,0
Defending_17,V. Kompany,0,0,0.94,0.71,0,0,0.35,0,0
Defending_17,A. Sánchez,0,0,0,0.45,0,0,0.16,0,0
Defending_17,E. Bailly,0,0,0,1,0,0,0.15,0,0
Defending_17,S. Boufal,0,0,0,0.83,0,0,0.04,0,0
Defending_17,K. Darlow,0,0,0,0,0.3,0,0,3.6,0.26
Defending_17,S. Mignolet,0,0,0,0,0,0,0.16,0,0
Defending_17,T. Davies,0,0,0,0,0,0,0.21,0,0
Defending_17,A. Maitland-Niles,0,0,0,0,0,0,0.07,0,0
Defending_17,K. Sung-yueng,0,0,0,0,0,0,0.08,0,0
Defending_17,J. Lingard,0,0,0,0,0,0,0.06,0,0
Defending_17,Joselu,0,0,0,0,0,0,0.07,0,0
Defending_17,E. Schelotto,0,0,0,0,0,0,0.15,0,0
Defending_17,R. Loftus-Cheek,0,0,0,0,0,0,0.04,0,0
Defending_17,V. Wanyama,1.76,1.18,0.59,0.76,0,0,0.12,0,0
Defending_17,A. Dragovic,1.3,1,1.6,2,0,0,0.2,0,0
Defending_17,J. Speroni,0,0,0.09,0,0,0,0,2.82,0.19
Defending_17,A. Carrillo,0,0,0.56,0.44,0,0,0.07,0,0
Defending_17,J. Ward-Prowse,0,0,0.27,1.4,0,0,0.1,0,0
Defending_17,E. Kachunga,0,0,0.11,0.84,0,0,0.05,0,0
Defending_17,L. Karius,0,0,0.05,0,0,0,0.05,0,0
Defending_17,W. Hughes,0,0,1.07,1.14,0,0,0,0,0
Defending_17,T. Alderweireld,0,0,0.29,1.14,0,0,0.21,0,0
Defending_17,J. Stones,0,0,0,0.61,0,0,0,0,0
Defending_17,M. Bauer,0,0,0,1.13,0,0,0.27,0,0
Defending_17,R. Sobhi,0,0,0,0.67,0,0,0.08,0,0
Defending_17,A. Ayew,0,0,0,0.6,0,0,0.17,0,0
Defending_17,N. Redmond,0,0,0,0.74,0,0,0.1,0,0
Defending_17,D. Williams,0,0,0,0,0,0,0.1,0,0
Defending_17,Kenedy,0,0,0,0,0,0,0.08,0,0
Defending_17,A. King,0,0,0,0,0,0,0.09,0,0
Defending_17,P. Billing,0,0,0,0,0,0,0.19,0,0
Defending_17,C. Taylor,0,0,0,0,0,0,0.3,0,0
Defending_17,J. Izquierdo,0,0,0,0,0,0,0.06,0,0
Defending_17,S. Long,0,0,0,0,0,0,0.2,0,0
Defending_17,B. Silva,0.84,0.56,0.31,0.59,0.38,0,0,0.03,0
Defending_17,C. Mbemba,1.78,1.33,1.67,1.11,0,0,0,0.33,0
Defending_17,J. Fonte,1.38,0.75,1.75,1.63,0,0,0,1.13,0
Defending_17,D. Zappacosta,0,0,0.29,0.86,0,0,0,0,0
Defending_17,A. Westwood,0,0,1.06,0.94,0,0,0.11,0,0
Defending_17,L. Sané,0,0,0.41,0.69,0,0,0.13,0,0
Defending_17,W. Zaha,0,0,0.24,0.93,0,0,0.17,0,0
Defending_17,R. Fraser,0,0,0,0.92,0,0,0,0,0
Defending_17,C. Quaner,0,0,0,1.04,0,0,0.16,0,0
Defending_17,A. Lacazette,0,0,0,0.63,0,0,0.03,0,0
Defending_17,T. Walcott,0,0,0,0,0,0,0.11,0,0
Defending_17,I. Gündogan,0,0,0,0,0,0,0.1,0,0
Defending_17,M. Sissoko,0,0,0,0,0,0,0.1,0,0
Defending_17,Willian,0,0,0,0,0,0,0.03,0,0
Defending_17,J. Stanislas,0,0,0,0,0,0,0.05,0,0
Defending_17,H. Arter,0,0,0,0,0,0,0.31,0,0
Defending_17,L. Shaw,0,0,0,0,0,0,0.2,0,0
Defending_17,D. Welbeck,0,0,0,0,0,0,0.04,0,0
Defending_17,M. James,0,0,0,0,0,0,0.15,0,0
Defending_17,L. Depoitre,0,0,0,0,0,0,0.03,0,0
Defending_17,D. Gray,0,0,0,0,0,0,0.06,0,0
Defending_17,S. Okazaki,0,0,0,0,0,0,0.07,0,0
Defending_17,M. Dubravka,0,0,0,0,0,0,0,2.17,0.2
Defending_17,A. Iwobi,0,0,0.27,0.81,0,0,0.04,0.04,0
Defending_17,M. Darmian,0,0,1,0.86,0,0,0,0,0
Defending_17,D. Rose,0,0,0,1.7,0,0,0.4,0,0
Defending_17,X. Shaqiri,0,0,0,0.31,0,0,0.14,0,0
Defending_17,S. Mounie,0,0,0,0.89,0,0,0.07,0,0
Defending_17,B. Kayal,0,0,0,0.71,0,0,0.12,0,0
Defending_17,H. Winks,0,0,0,0.88,0,0,0,0,0
Defending_17,M. Fellaini,0,0,0,0,0,0,0.06,0,0
Defending_17,N. Dyer,0,0,0,0,0,0,0.08,0,0
Defending_17,J. Mata,0,0,0,0,0,0,0.04,0,0
Defending_17,J. Hendrick,0,0,0,0,0,0,0.03,0,0
Defending_17,Pedro,0,0,0,0,0,0,0.03,0,0
Defending_17,A. Barnes,0,0,0,0,0,0,0.29,0,0
Defending_17,C. Cathcart,0,0,0,0,0,0,0.14,0,0
Defending_17,M. Rojo,0,0,0,0,0,0,0.67,0,0
Defending_17,H. Kane,0,0,0,0,0,0,0.14,0,0
Defending_17,A. Silva,0,0,0,0,0,0,0.25,0,0
Defending_17,O. Zinchenko,0,0,0,0,0,0,0.13,0,0
Defending_17,E. Fernandes,0,0,0,0,0,0,0.08,0,0
Defending_17,M. Özil,0,0,0,0,0,0,0.15,0,0
Defending_17,M. Lanzini,0,0,0,0,0,0,0.15,0,0
Defending_18,S. Bamba,3.8,2.07,3.47,3.67,9.33,0,0.27,1.73,0
Defending_18,A. Wan-Bissaka,5,3.53,3.6,3,5.33,0.07,0.07,0.67,0
Defending_18,L. Fabianski,0.06,0,0.06,0,0.44,0,0,5.25,0.14
Defending_18,J. Tarkowski,2.69,1.08,1.38,3.38,8.92,0,0.38,2.54,0
Defending_18,W. Ndidi,4.25,3.06,2.56,3.06,3.25,0,0.31,0.31,0
Defending_18,D. De Gea,0,0,0,0,0.19,0,0,5.13,0.15
Defending_18,R. Pereira,6.08,3.15,2.69,3,4.85,0,0.31,0.23,0
Defending_18,I. Gueye,5.33,3.13,2.93,2.27,1.87,0,0.27,0.33,0
Defending_18,J. Hart,0,0,0,0,0.69,0,0,4.88,0.13
Defending_18,C. Azpilicueta,3.81,2.25,1.5,2.88,3.13,0,0.06,0.75,0
Defending_18,W. Boly,2.81,1.81,2.5,2,5.69,0.06,0.06,1,0
Defending_18,P. Billing,4,2.53,2.93,3.2,2.2,0,0.27,0.87,0
Defending_18,I. Diop,3.21,2,2.36,2.21,6.71,0,0.14,1.14,0
Defending_18,B. Mee,1.94,0.69,1.69,2.13,7.81,0,0.31,1.75,0
Defending_18,B. Ecuele Manga,2.88,1.56,2.69,2.5,5.88,0,0,0.63,0
Defending_18,N. Aké,1.69,1.06,0.94,2.06,8.75,0,0.13,1.25,0
Defending_18,L. Milivojevic,3.38,2.69,2.44,1.5,2.31,0,0.19,0.63,0
Defending_18,C. Taylor,1.88,1,1.5,4.19,3.5,0,0.06,1.5,0
Defending_18,M. Dubravka,0.06,0,0,0,0.69,0,0,4.31,0.14
Defending_18,D. Odoi,1.86,1.57,1.71,2.43,0,0,0.21,0,0
Defending_18,N. Etheridge,0,0,0.25,0,0.69,0,0.13,4.75,0.09
Defending_18,L. Dunk,0,0,1.87,2,0,0.07,0.27,0,0
Defending_18,M. Diamé,0,0,1.19,2.38,0,0,0.19,0,0
Defending_18,F. Balbuena,0,0,0,1.33,0,0,0.13,0,0
Defending_18,C. Cathcart,0,0,0,1.38,0,0,0,0,0
Defending_18,C. Schindler,0,0,0,0,0,0.06,0,0,0
Defending_18,S. Duffy,0,0,0,0,0,0.07,0,0,0
Defending_18,E. Capoue,0,0,0,0,0,0.08,0,0,0
Defending_18,N. Matic,0,0,0,0,0,0.08,0,0,0
Defending_18,D. Yedlin,0,0,0,0,0,0.07,0,0,0
Defending_18,P. Højbjerg,0,0,0,0,0,0.08,0,0,0
Defending_18,D. Stephens,0,0,0,0,0,0.09,0,0,0
Defending_18,J. Hogg,0,0,0,0,0,0.08,0,0,0
Defending_18,W. Morgan,0,0,0,0,0,0.17,0,0,0
Defending_18,C. Kabasele,0,0,0,0,0,0.09,0,0,0
Defending_18,J. Vertonghen,0,0,0,0,0,0.11,0,0,0
Defending_18,A. Smith,0,0,0,0,0,0.08,0,0,0
Defending_18,J. Henderson,0,0,0,0,0,0.08,0,0,0
Defending_18,J. Ralls,0,0,0,0,0,0.08,0,0,0
Defending_18,Richarlison,0,0,0,0,0,0.07,0,0,0
Defending_18,A. Zambo Anguissa,0,0,0,0,0,0.09,0,0,0
Defending_18,J. Maddison,0,0,0,0,0,0.07,0,0,0
Defending_18,A. McCarthy,0,0,0,0,0,0,0.06,0,0
Defending_18,R. Patrício,0.06,0,0,0,0.19,0,0,4.19,0.13
Defending_18,B. Foster,0.13,0.13,0.06,0,1.31,0,0.06,3.69,0.11
Defending_18,M. Le Marchand,3,2,2.58,2.25,7.08,0,0.08,0.75,0
Defending_18,S. Cook,1.56,0.81,2.19,1.31,8.13,0,0.13,0.75,0
Defending_18,S. Morrison,0.5,0.25,2.13,2.13,7.63,0,0.13,1.38,0
Defending_18,S. Mustafi,2.19,1.44,2.19,1.38,6.38,0,0.38,0.56,0
Defending_18,J. Moutinho,4.06,1.63,1.56,2.06,1.81,0,0.13,0.31,0
Defending_18,H. Lloris,0.08,0,0.08,0,0.83,0,0,4.67,0.25
Defending_18,Zanka,2.71,1.71,3.79,1.57,4.29,0,0.43,0.79,0
Defending_18,J. Lascelles,1.58,1.08,2.08,2,10.08,0,0.17,1.17,0
Defending_18,J. McArthur,2.88,2.19,1.19,2.5,0,0,0.19,0,0
Defending_18,V. van Dijk,1.31,1,1.56,1.19,0,0,0.06,0,0
Defending_18,R. Bennett,2.53,1.33,2,1.87,0,0,0.4,0,0
Defending_18,D. Rice,0,0,2,2.31,0,0,0.08,0,0
Defending_18,R. Neves,0,0,2.73,2.4,0,0,0.33,0,0
Defending_18,L. Digne,0,0,2.36,2.57,0,0,0.14,0,0
Defending_18,A. Begovic,0,0,0,0.06,0,0,0,0,0
Defending_18,M. Doherty,0,0,0,2.56,0,0,0.13,0,0
Defending_18,P. Zabaleta,0,0,0,2.75,0,0,0,0,0
Defending_18,W. Hoedt,0,0,0,1.77,0,0,0,0,0
Defending_18,J. Pickford,0,0,0,0,0.81,0,0.06,3.88,0.09
Defending_18,I. Hayden,0,0,0,0,0,0.25,0,0,0
Defending_18,Y. Valery,0,0,0,0,0,0.5,0,0,0
Defending_18,M. Noble,0,0,0,0,0,0.09,0,0,0
Defending_18,M. Rashford,0,0,0,0,0,0.08,0,0,0
Defending_18,J. Vardy,0,0,0,0,0,0.08,0,0,0
Defending_18,K. McDonald,0,0,0,0,0,0.11,0,0,0
Defending_18,S. Mounie,0,0,0,0,0,0.08,0,0,0
Defending_18,P. Jagielka,0,0,0,0,0,0.5,0,0,0
Defending_18,M. Ryan,0,0,0,0,0.31,0,0,3.5,0.12
Defending_18,T. Alderweireld,1.29,0.79,1.21,1.79,8.14,0,0.07,0.71,0
Defending_18,M. Keane,1.54,0.92,2.08,1.23,7.38,0,0,0.85,0
Defending_18,A. Robertson,3.36,2.29,1.21,1.71,2.79,0,0.07,0.07,0
Defending_18,Fernandinho,2.56,2.06,1.88,1.25,3,0,0.25,0.13,0
Defending_18,J. Vestergaard,3.13,2,2.38,2.25,10.75,0,0.25,1.38,0
Defending_18,M. Sakho,1.25,0.69,2.13,1.31,6.13,0,0.13,0.63,0
Defending_18,T. Kongolo,2.77,1.46,2.46,2,3.69,0,0.15,0.54,0
Defending_18,Jonny,3.42,1.92,2.92,2.42,3.33,0,0.17,0.25,0
Defending_18,G. Xhaka,2.93,1.67,1.73,1.8,0,0,0.47,0,0
Defending_18,M. Alonso,2.5,1.44,1.63,1.75,0,0,0.25,0,0
Defending_18,Alisson,0.06,0,0.06,0,0,0,0,0,0
Defending_18,F. Schär,4.33,3.17,5.33,4,0,0,0.83,0,0
Defending_18,K. Schmeichel,0,0,0.13,0,0.75,0,0.06,3.25,0.09
Defending_18,J. Lössl,0,0,0.07,0,0,0,0,0,0
Defending_18,M. Lemina,0,0,2.53,1.8,0,0,0.33,0,0
Defending_18,D. Luiz,0,0,1.47,1.13,0,0,0.13,0,0
Defending_18,A. Masuaku,0,0,0,2.42,0,0,0.08,0,0
Defending_18,S. Francis,0,0,0,1.53,0,0,0,0,0
Defending_18,J. Holebas,0,0,0,2,0,0,0.54,0,0
Defending_18,C. Chambers,0,0,0,2.3,0,0,0.4,0,0
Defending_18,B. Chilwell,0,0,0,2.38,0,0,0.13,0,0
Defending_18,M. Lowton,0,0,0,2,0,0,0,0,0
Defending_18,B. Leno,0,0,0.2,0,0.7,0,0,4.6,0.14
Defending_18,C. Coady,1.44,0.88,1.31,1.19,4.75,0,0.25,0.75,0
Defending_18,H. Maguire,1.91,1.09,2.27,1.91,7.82,0,0.36,0.91,0
Defending_18,Kepa,0.06,0.06,0,0.06,0.25,0,0.06,2.81,0
Defending_18,L. Torreira,2.81,1.69,1.69,1.19,0,0,0.25,0,0
Defending_18,Nilsson-Lindelöf,2.08,1.25,1.33,1.33,0,0,0.08,0,0
Defending_18,K. Trippier,3.33,1.75,1.25,2.33,0,0,0.17,0,0
Defending_18,F. Fernández,1,0.69,1.77,1.54,0,0,0.15,0,0
Defending_18,J. Lerma,0,0,2.67,2.25,0,0,0.75,0,0
Defending_18,N. Kanté,0,0,2,2.13,0,0,0.19,0,0
Defending_18,J. Tomkins,0,0,0,1.21,0,0,0.36,0,0
Defending_18,F. Anderson,0,0,0,2.88,0,0,0.19,0,0
Defending_18,P. van Aanholt,0,0,0,1.75,0,0,0.13,0,0
Defending_18,Sokratis,0,0,0,2,0,0,0.6,0,0
Defending_18,J. Seri,0,0,0,1.94,0,0,0.25,0,0
Defending_18,K. Femenía,0,0,0,0.86,0,0,0.07,0,0
Defending_18,M. Montoya,0,0,0,2.88,0,0,0,0,0
Defending_18,C. Smalling,1.15,0.69,0.92,2,4.23,0,0.08,1.15,0
Defending_18,W. Hennessey,0,0,0,0,0.19,0,0,2.56,0.11
Defending_18,A. Doucouré,2.63,1.31,1.06,1.13,1.88,0,0.19,0.25,0
Defending_18,Jorginho,2.6,1.2,1.73,1.73,1.4,0,0.27,0.4,0
Defending_18,B. Davies,2.92,1.5,1.33,1.33,0,0,0.17,0.33,0
Defending_18,L. Shaw,2.58,1.5,0.92,2.83,0,0,0.5,0,0
Defending_18,P. Dummett,1.6,1.1,1.8,2.3,0,0,0,0,0
Defending_18,A. Pérez,2.25,1,1.75,1.88,0,0,0,0,0
Defending_18,C. Christie,0,0,1.8,2.4,0,0,0.4,0,0
Defending_18,J. Bennett,0,0,2.73,1.82,0,0,0.09,0,0
Defending_18,S. Coleman,0,0,1.25,1.33,0,0,0.08,0,0
Defending_18,A. Mooy,0,0,0.73,1.47,0,0,0.13,0,0
Defending_18,Ander,0,0,0,2.67,0,0,0.33,0,0
Defending_18,H. Arter,0,0,0,1.77,0,0,0.46,0,0
Defending_18,C. Kouyaté,0,0,0,1.29,0,0,0.14,0,0
Defending_18,C. Soares,0,0,0,1.8,0,0,0.27,0,0
Defending_18,S. March,0,0,0,2.06,0,0,0,0,0
Defending_18,A. Westwood,0,0,0,1.85,0,0,0.15,0,0
Defending_18,O. Romeu,0,0,0,2.11,0,0,0.44,0,0
Defending_18,S. Rico,0,0,0,0,0.86,0,0,6.29,0.24
Defending_18,Bernardo,0,0,0,0,0,0,0.17,0,0
Defending_18,C. Clark,0,0,0,0,0,0,0.11,0,0
Defending_18,Ederson,0.06,0.06,0.06,0,0.31,0,0,2.19,0.08
Defending_18,D. Pröpper,2.67,1.58,2.17,0.92,0,0,0.08,0.33,0
Defending_18,A. Townsend,2,1.06,1.25,2.25,0,0,0.06,0,0
Defending_18,A. Mariappa,2.22,1.67,1.56,1.11,0,0,0,0,0
Defending_18,J. Cork,1.6,0.8,1.07,1.4,0,0,0.27,0,0
Defending_18,D. Brooks,1.73,1.27,0.8,1.67,0,0,0.13,0,0
Defending_18,A. Mawson,1,0.67,1.78,1.78,0,0,0.22,0,0
Defending_18,M. Ritchie,0,0,1.29,1.86,0,0,0.43,0,0
Defending_18,N. Mendy,0,0,1.5,1.5,0,0,0.21,0,0
Defending_18,W. Hughes,0,0,1.13,2.2,0,0,0.2,0,0
Defending_18,K. Zouma,0,0,0,1.08,0,0,0,0,0
Defending_18,A. Rüdiger,0,0,0,0.63,0,0,0.19,0,0
Defending_18,A. Laporte,0,0,0,0.67,0,0,0.13,0,0
Defending_18,J. Bednarek,0,0,0,4.33,0,0,0.67,0,0
Defending_18,T. Alexander-Arnold,0,0,0,1.08,0,0,0.23,0,0
Defending_18,Kenedy,0,0,0,1.14,0,0,0,0,0
Defending_18,J. Milner,0,0,0,2.33,0,0,0.13,0,0
Defending_18,B. Silva,0,0,0,1.6,0,0,0.13,0,0
Defending_18,G. Sigurdsson,0,0,0,0,0,0,0.19,0,0
Defending_18,F. Hadergjonaj,0,0,0,0,0,0,0.07,0,0
Defending_18,M. Guendouzi,0,0,0,0,0,0,0.31,0,0
Defending_18,A. Young,0,0,0,0,0,0,0.55,0,0
Defending_18,E. Dier,0,0,0,0,0,0,0.23,0,0
Defending_18,P. Cech,0.14,0.14,0,0,0,0,0,0,0
Defending_18,K. Walker,1.92,1.31,1.69,1.23,0,0,0.08,0,0
Defending_18,D. Alli,2.27,1.27,1.36,2.36,0,0,0.18,0,0
Defending_18,M. Albrighton,0,0,1.07,1.4,0,0,0.2,0,0
Defending_18,E. Durm,0,0,2.09,1.36,0,0,0,0,0
Defending_18,H. Bellerín,0,0,1.25,1.31,0,0,0.19,0,0
Defending_18,J. Gomez,0,0,0,0.92,0,0,0.15,0,0
Defending_18,R. Bertrand,0,0,0,1.42,0,0,0.42,0,0
Defending_18,C. Löwe,0,0,0,0.75,0,0,0.08,0,0
Defending_18,G. Bong,0,0,0,1.5,0,0,0,0,0
Defending_18,D. Sánchez,0,0,0,1.25,0,0,0.25,0,0
Defending_18,M. Targett,0,0,0,2.2,0,0,0,0,0
Defending_18,R. Saïss,0,0,0,2.6,0,0,0.8,0,0
Defending_18,M. Fellaini,0,0,0,0,0,0,0.08,0,0
Defending_18,C. Daniels,0,0,0,0,0,0,0.11,0,0
Defending_18,A. Cresswell,0,0,0,0,0,0,0.14,0,0
Defending_18,A. Lennon,0,0,0,0,0,0,0.07,0,0
Defending_18,A. Gunnarsson,0,0,0,0,0,0,0.25,0,0
Defending_18,J. Stephens,0,0,0,0,0,0,0.25,0,0
Defending_18,N. Redmond,0,0,0,0,0,0,0.06,0,0
Defending_18,B. Kayal,0,0,0,0,0,0,0.4,0,0
Defending_18,R. Jiménez,1.13,0.81,0.88,1.06,1.5,0,0,0.19,0
Defending_18,J. Bryan,2.5,1.83,1.67,3.33,0,0,0,0.5,0
Defending_18,S. Mané,0,0,0.79,1.29,0,0,0.07,0,0
Defending_18,J. Stones,0,0,1.09,1.18,0,0,0,0,0
Defending_18,D. Gosling,0,0,0,1.58,0,0,0.33,0,0
Defending_18,J. Foyth,0,0,0,2,0,0,0.2,0,0
Defending_18,D. Hoilett,0,0,0,1.69,0,0,0.31,0,0
Defending_18,R. Holding,0,0,0,1.2,0,0,0.1,0,0
Defending_18,D. Amartey,0,0,0,1,0,0,0.22,0,0
Defending_18,Fabinho,0,0,0,2.43,0,0,0.43,0,0
Defending_18,M. Sissoko,0,0,0,1.55,0,0,0,0,0
Defending_18,A. Schürrle,0,0,0,1.07,0,0,0.14,0,0
Defending_18,J. Gudmundsson,0,0,0,0,0,0,0.14,0,0
Defending_18,A. Lacazette,0,0,0,0,0,0,0.07,0,0
Defending_18,P. Pogba,0,0,0,0,0,0,0.14,0,0
Defending_18,G. Wijnaldum,0,0,0,0,0,0,0.13,0,0
Defending_18,Bernard,0,0,0,0,0,0,0.31,0,0
Defending_18,J. Evans,0,0,0,0,0,0,0.11,0,0
Defending_18,C. Eriksen,0,0,0,0,0,0,0.15,0,0
Defending_18,D. Rose,0,0,0,0,0,0,0.25,0,0
Defending_18,Y. Bissouma,0,0,0,0,0,0,0.14,0,0
Defending_18,V. Camarasa,0,0,0,0,0,0,0.27,0,0
Defending_18,K. Long,3.75,2.25,1.5,2,0,0,0,1.25,0
Defending_18,T. Ream,0,0,1.83,1.83,0,0,0,0,0
Defending_18,R. Sessegnon,0,0,0.69,1.31,0,0,0,0,0
Defending_18,R. Firmino,0,0,0,1.56,0,0,0,0,0
Defending_18,M. Yoshida,0,0,0,1.8,0,0,0,0,0
Defending_18,A. Knockaert,0,0,0,0.92,0,0,0.23,0,0
Defending_18,H. Mkhitaryan,0,0,0,1.92,0,0,0,0,0
Defending_18,L. Moura,0,0,0,0.47,0,0,0.13,0,0
Defending_18,M. Kovacic,0,0,0,0,0,0,0.07,0,0
Defending_18,J. Ayew,0,0,0,0,0,0,0.2,0,0
Defending_18,P. Bardsley,0,0,0,0,0,0,1.25,0,0
Defending_18,D. Janmaat,0,0,0,0,0,0,0.33,0,0
Defending_18,A. Mitrovic,0,0,0,0,0,0,0.31,0,0
Defending_18,N. Monreal,0,0,0,0,0,0,0.13,0,0
Defending_18,B. Mendy,0,0,0,0,0,0,0.11,0,0
Defending_18,A. Gomes,0,0,0,0,0,0,0.38,0,0
Defending_18,J. Schlupp,0,0,0,0,0,0,0.08,0,0
Defending_18,J. Lingard,0,0,0,0,0,0,0.08,0,0
Defending_18,D. Ings,0,0,0,0,0,0,0.09,0,0
Defending_18,R. Snodgrass,0,0,0,0,0,0,0.47,0,0
Defending_18,M. Bettinelli,0,0,0,0,0,0,0.14,0,0
Defending_18,D. Lovren,0,0,0,0,0,0,0.25,0,0
Defending_18,Willian,0,0,0,0,0,0,0.07,0,0
Defending_18,S. Kolasinac,0,0,0,0,0,0,0.17,0,0
Defending_18,A. Pritchard,0,0,0,0,0,0,0.08,0,0
Defending_18,P. Aubameyang,1,0.81,0.19,1.44,1.13,0,0,0,0
Defending_18,P. Obiang,0,0,0,1.3,0,0,0,0.2,0
Defending_18,T. Walcott,0,0,0,0.88,0,0,0,0.06,0
Defending_18,F. Delph,0,0,0,0.71,0,0,0,0,0
Defending_18,N. Otamendi,0,0,0,0.4,0,0,0,0,0
Defending_18,G. Cunningham,0,0,0,0,0,0,0.5,0,0
Defending_18,A. Ogbonna,0,0,0,0,0,0,0.2,0,0
Defending_18,J. Manquillo,0,0,0,0,0,0,0.17,0,0
Defending_18,R. Fraser,0,0,0,0,0,0,0.06,0,0
Defending_18,C. Atsu,0,0,0,0,0,0,0.2,0,0
Defending_18,D. Gray,0,0,0,0,0,0,0.15,0,0
Defending_18,R. Sterling,0,0,0,0,0,0,0.08,0,0
Defending_18,J. Ward-Prowse,0,0,0,0,0,0,0.14,0,0
Defending_18,Y. Mina,0,0,0,0,0,0,0.5,0,0
Defending_18,C. Paterson,0,0,0,0,0,0,0.14,0,0
Defending_18,M. Antonio,0,0,0,0,0,0,0.15,0,0
Defending_18,L. Balogun,0,0,0,0,0,0,0.4,0,0
Defending_18,R. Pereyra,0,0,0,0,0,0,0.06,0,0
Defending_18,S. Armstrong,0,0,0,0,0,0,0.17,0,0
Defending_18,H. Winks,0,0,0,0,0,0,0.21,0,0
Defending_18,H. Costa,0,0,0,0,0,0,0.19,0,0
Defending_18,J. King,0,0,0,0,0,0,0.08,0,0
Defending_18,Fred,0,0,0,0,0,0,0.25,0,0
Defending_18,T. Deeney,0,0,0,0,0,0,0.15,0,0
Defending_18,E. Bailly,1.67,1.17,1.67,1.67,0,0,0,0.5,0
Defending_18,Fabri,0.5,0.5,0,0,0,0,0,8,1.6
Defending_18,J. Shelvey,2.22,1.11,0.56,1,0,0,0,0.11,0
Defending_18,N. Keita,1.33,0.42,0.33,1.92,0,0,0,0.25,0
Defending_18,P. Jones,0,0,4.33,1.67,0,0,0,1.33,0
Defending_18,P. Groß,0,0,0,1,0,0,0,0,0
Defending_18,R. Vinagre,0,0,0,0,0,0,0.13,0,0
Defending_18,Pedro,0,0,0,0,0,0,0.07,0,0
Defending_18,L. Koscielny,0,0,0,0,0,0,1,0,0
Defending_18,D. Silva,0,0,0,0,0,0,0.07,0,0
Defending_18,S. Aurier,0,0,0,0,0,0,0.17,0,0
Defending_18,A. Jahanbakhsh,0,0,0,0,0,0,0.2,0,0
Defending_18,Bruno,0,0,0,0,0,0,0.25,0,0
Defending_18,T. Davies,0,0,0,0,0,0,0.33,0,0
Defending_18,V. Kompany,0,0,0,0,0,0,0.43,0,0
Defending_18,L. Sané,0,0,0,0,0,0,0.07,0,0
Defending_18,L. Peltier,0,0,0,0,0,0,0.33,0,0
Defending_18,M. Dembélé,0,0,0,0,0,0,0.1,0,0
Defending_18,L. Cook,0,0,0,0,0,0,0.08,0,0
Defending_18,M. Meyer,0,0,0,0,0,0,0.15,0,0
Defending_18,M. Holgate,0,0,0,0,0,0,0.2,0,0
Defending_18,D. McNeil,0,0,0,0,0,0,1,0,0
Defending_18,H. Kane,0,0,0,0,0,0,0.19,0,0
Defending_18,K. Sung-yueng,0,0,0,0,0,0,0.11,0,0
Defending_18,M. Darmian,4.33,2.67,2.33,2.67,0,0,0,0,0
Defending_18,S. Heung-Min,0,0,0.36,0.91,0,0,0,0.09,0
Defending_18,A. Ramsey,0,0,0.33,0.4,0,0,0,0,0
Defending_18,J. Kenny,0,0,0,1.5,0,0,0,0,0
Defending_18,A. Iwobi,0,0,0,1.15,0,0,0,0.08,0
Defending_18,J. Matip,0,0,0,0.57,0,0,0,0.43,0
Defending_18,M. Kelly,0,0,0,1.67,0,0,0,1,0
Defending_18,D. Simpson,0,0,0,5.5,0,0,0,1.5,0
Defending_18,W. Zaha,0,0,0,0,0,0,0.36,0,0
Defending_18,D. Jota,0,0,0,0,0,0,0.33,0,0
Defending_18,I. Success,0,0,0,0,0,0,0.13,0,0
Defending_18,J. Hendrick,0,0,0,0,0,0,0.17,0,0
Defending_18,Joselu,0,0,0,0,0,0,0.08,0,0
Defending_18,L. Vietto,0,0,0,0,0,0,0.08,0,0
Defending_18,J. Stanislas,0,0,0,0,0,0,0.11,0,0
Defending_18,J. Izquierdo,0,0,0,0,0,0,0.11,0,0
Defending_18,T. Fosu-Mensah,0,0,0,0,0,0,0.29,0,0
Defending_18,A. Surman,0,0,0,0,0,0,0.13,0,0
Defending_18,G. Murray,0,0,0,0,0,0,0.19,0,0
Defending_18,A. Masina,0,0,0,0,0,0,0.5,0,0
Defending_18,C. Wood,0,0,0,0,0,0,0.06,0,0
Defending_18,C. Söyüncü,0,0,0,0,0,0,0.25,0,0
Defending_18,R. Brady,0,0,0,0,0,0,0.43,0,0
Defending_18,S. Lichtsteiner,0,0,0,0,0,0,0.4,0,0
Defending_18,T. Smith,0,0,0,0,0,0,0.5,0,0
Defending_18,X. Shaqiri,0,0,0,0,0,0,0.08,0,0
Defending_18,S. Rondón,0,0,0,0,0,0,0.09,0,0
Defending_18,A. Valencia,0,0,0,0,0,0,0.5,0,0
Defending_18,P. Gazzaniga,0,0,0,0,0,0,0,4,4
Defending_18,I. Gündogan,0,0,0,0,0,0,0,0.11,0
Defending_18,S. Defour,0,0,0,0,0,0,0,0.5,0
Defending_18,J. Murphy,0.57,0.43,0.64,1.43,0,0,0,0,0
Defending_18,N. Mendez-Laing,0,0,0,2.2,0,0,0,0,0
Defending_18,A. Traoré,0,0,0,0,0,0,0.07,0,0
Defending_18,K. Sema,0,0,0,0,0,0,0.17,0,0
Defending_18,A. Barnes,0,0,0,0,0,0,0.2,0,0
Defending_18,M. Schneiderlin,0,0,0,0,0,0,0.17,0,0
Defending_18,E. Kachunga,0,0,0,0,0,0,0.33,0,0
Defending_18,J. Bacuna,0,0,0,0,0,0,1,0,0
Defending_18,M. Özil,0,0,0,0,0,0,0.1,0,0
Defending_18,A. Martial,0,0,0,0,0,0,0.08,0,0
Defending_18,D. Calvert-Lewin,0,0,0,0,0,0,0.07,0,0
Defending_18,D. Dalot,0,0,0,0,0,0,0.67,0,0
Defending_18,A. Sánchez,0,0,0,0,0,0,0.2,0,0
Defending_18,S. Ward,0,0,0,0,0,0,0.33,0,0
Defending_18,S. Agüero,0,0,0,0,0,0,0.23,0,0
Defending_18,C. Wilson,0,0,0,0,0,0,0.2,0,0
Defending_18,I. Mbenza,0,0,0,0,0,0,0.11,0,0
Defending_18,E. Hazard,0,0,0,0,0,0,0.13,0,0
Defending_18,R. Fredericks,0,0,0,0,0,0,0.5,0,0
Defending_18,K. Iheanacho,0,0,0,0,0,0,0.07,0,0
Defending_18,M. Arnautovic,0,0,0,0,0,0,0.23,0,0
Defending_18,B. Hamer,0,0,0,0,0,0,0,3.67,0.46
Defending_18,T. Cairney,0,0,0,0,0,0,0,0.18,0
Defending_18,C. Austin,0,0,0,0,0,0,0,0.17,0
Defending_18,H. Choudhury,0,0,0,0,0,0,0,2,0
Defending_18,M. Vorm,0,0,0,0,0,0,0,4.5,0.9
Defending_18,R. Mahrez,0,0,0,0,0,0,0,0.07,0
Defending_18,D. Button,0,0,0,0,0,0,0,9,1.5
Defending_18,M. Elyounoussi,1.1,0.9,0.6,0.5,0,0,0,0,0
Defending_18,D. Rico,0,0,2,1.75,0,0,0,0,0
Defending_18,E. Lamela,0,0,0,1,0,0,0,0,0
Defending_18,G. Diangana,0,0,0,1,0,0,0,0,0
Defending_18,S. Johansen,0,0,0,0,0,0,0.27,0,0
Defending_18,J. Wilshere,0,0,0,0,0,0,0.4,0,0
Defending_18,C. Tosun,0,0,0,0,0,0,0.08,0,0
Defending_18,K. Harris,0,0,0,0,0,0,0.13,0,0
Defending_18,A. Kamara,0,0,0,0,0,0,0.13,0,0
Defending_18,J. Locadia,0,0,0,0,0,0,0.1,0,0
Defending_18,R. Ghezzal,0,0,0,0,0,0,0.2,0,0
Defending_18,Morata,0,0,0,0,0,0,0.21,0,0
Defending_18,A. Pereira,0,0,0,0,0,0,0.5,0,0
Defending_18,G. Deulofeu,0,0,0,0,0,0,0.11,0,0
Defending_18,L. Depoitre,0,0,0,0,0,0,0.07,0,0
Defending_18,R. Lukaku,0,0,0,0,0,0,0.13,0,0
Defending_18,I. Cavaleiro,0,0,0,0,0,0,0.11,0,0
Defending_18,J. Mata,0,0,0,0,0,0,0.09,0,0
Defending_18,O. Giroud,0,0,0,0,0,0,0.08,0,0
Defending_18,A. Lallana,0,0,0,0,0,0,0.25,0,0
Defending_18,K. De Bruyne,0,0,0,0,0,0,0.33,0,0
Defending_18,A. Yarmolenko,0,0,0,0,0,0,0.22,0,0
Defending_18,M. Vydra,0,0,0,0,0,0,0.14,0,0
Defending_18,C. Fàbregas,0,0,0,0,0,0,0.25,0,0
Defending_18,V. Guaita,0,0,0,0,0,0,0,9,1.13
Defending_18,L. Dendoncker,0,0,0,0,0,0,0,2,0
Defending_18,R. Loftus-Cheek,0,0,0,0,0,0,0,0.17,0
Defending_18,S. Long,0,0,0,0,0,0,0,0.11,0
Defending_18,T. Mings,0,0,0,0,0,0,0,1,0
Defending_18,S. McTominay,0,0,0,0,0,0,0,0.17,0
Defending_18,G. Jesus,0,0,0,0,0,0,0,0.08,0
Defending_18,T. Heaton,0,0,0,0,0,0,0,7,0.88
Defending_18,S. Vokes,0,0,0,0,0,0,0,0.07,0
Defending_18,N. Clyne,12,8,2,1,0,0,0,0,0
Defending_18,R. Barkley,0.54,0.31,0.31,0.77,0,0,0,0,0
Defending_18,Danilo,6,4,11,3,0,0,0,0,0
Defending_18,M. Salah,0,0,0.25,0.44,0,0,0,0,0
Defending_18,B. Reid,0,0,0,0.67,0,0,0,0,0
Defending_18,M. Rojo,0,0,0,0,0,0,0.5,0.5,0
Defending_18,N. Chalobah,0,0,0,0,0,0,0.33,0.17,0
Defending_18,A. Christensen,0,0,0,0,0,0,1,0,0
Defending_18,M. Gibbs-White,0,0,0,0,0,0,0.1,0,0
Defending_18,B. Gibson,0,0,0,0,0,0,1,0,0
Defending_18,F. Andone,0,0,0,0,0,0,0.2,0,0
Defending_18,D. Sturridge,0,0,0,0,0,0,0.11,0,0
Defending_18,A. Gray,0,0,0,0,0,0,0.07,0,0
Defending_18,D. Williams,0,0,0,0,0,0,0.33,0,0
Defending_18,A. Carroll,0,0,0,0,0,0,2,0,0
Defending_18,S. Okaka,0,0,0,0,0,0,1,0,0
Defending_18,M. Obafemi,0,0,0,0,0,0,0.25,0,0
Defending_18,J. Speroni,0,0,0,0,0,0,0,4,1
Defending_18,J. Stankovic,0,0,0,0,0,0,0,1,0
Defending_18,K. Zohore,0,0,0,0,0,0,0,0.17,0
Defending_18,J. Richards,0,0,0,0,0,0,0,0.33,0
Defending_18,A. Gunn,0,0,0,0,0,0,0,2,0
Defending_18,C. Benteke,0,0,0,0,0,0,0,0.25,0
Defending_18,K. Walker-Peters,0,0,0,0,0,0,0,1,0
Defending_18,R. van La Parra,0,0,0.8,0.4,0,0,0,0,0
Defending_18,F. Lejeune,0,0,0,3,0,0,0,0,0
Defending_18,A. Lookman,0,0,0,0.6,0,0,0,0,0
Defending_18,L. Baines,0,0,0,0.75,0,0,0,0,0
